Div,Date,Time,Location,HomeTeam,AwayTeam,FTHG,FTAG,FTR,Referee,Home Team Shots,Away Team Shots,Home Shots on Target,Away Shots on Target,HF,AF,HC,AC,HY,AY,HR,AR,Name,Club,Nationality,Position,Age,Matches,Starts,Mins,Goals,Assists,Passes_Attempted,Perc_Passes_Completed,Penalty_Goals,Penalty_Attempted,xG,xA,Yellow_Cards,Red_Cards
E0,12/9/2020,12:30,London,Fulham,Arsenal,0,3,A,C Kavanagh,5,13,2,6,12,12,2,3,2,2,0,0,Mason Mount,Chelsea,ENG,"MF,FW",21,36,32,2890,6,5,1881,82.3,1,1,0.21,0.24,2,0
E0,12/9/2020,15:00,London,Crystal Palace,Southampton,1,0,H,J Moss,5,9,3,5,14,11,7,3,2,1,0,0,Edouard Mendy,Chelsea,SEN,GK,28,31,31,2745,0,0,1007,84.6,0,0,0,0,2,0
E0,12/9/2020,17:30,Liverpool,Liverpool,Leeds,4,3,H,M Oliver,22,6,6,3,9,6,9,0,1,0,0,0,Timo Werner,Chelsea,GER,FW,24,35,29,2602,6,8,826,77.2,0,0,0.41,0.21,2,0
E0,12/9/2020,20:00,London,West Ham,Newcastle,0,2,A,S Attwell,15,15,3,2,13,7,8,7,2,2,0,0,Ben Chilwell,Chelsea,ENG,DF,23,27,27,2286,3,5,1806,78.6,0,0,0.1,0.11,3,0
E0,13/09/2020,14:00,West Bromwich,West Brom,Leicester,0,3,A,A Taylor,7,13,1,7,12,9,2,5,1,1,0,0,Reece James,Chelsea,ENG,DF,20,32,25,2373,1,2,1987,85,0,0,0.06,0.12,3,0
E0,13/09/2020,16:30,London,Tottenham,Everton,0,1,A,M Atkinson,9,15,5,4,15,7,5,3,1,0,0,0,César Azpilicueta,Chelsea,ESP,DF,30,26,24,2188,1,2,2015,87.5,0,0,0.03,0.11,5,1
E0,14/09/2020,20:15,East Sussex,Brighton,Chelsea,1,3,A,C Pawson,13,10,3,5,8,13,4,3,1,0,0,0,N'Golo Kanté,Chelsea,FRA,MF,29,30,24,2146,0,2,1504,86.6,0,0,0.04,0.05,7,0
E0,14/09/2020,18:00,Sheffield,Sheffield United,Wolves,0,2,A,M Dean,9,11,2,4,13,7,12,5,2,1,0,0,Jorginho,Chelsea,ITA,MF,28,28,23,2010,7,1,1739,89.5,7,9,0.31,0.09,2,0
E0,19/09/2020,12:30,Liverpool,Everton,West Brom,5,2,H,M Dean,17,6,7,4,9,11,11,1,1,0,0,1,Thiago Silva,Chelsea,BRA,DF,35,23,23,1935,2,0,1871,93.5,0,0,0.05,0.02,5,1
E0,19/09/2020,15:00,West Yorkshire,Leeds,Fulham,4,3,H,A Taylor,10,14,7,6,13,18,5,3,1,2,0,0,Kurt Zouma,Chelsea,FRA,DF,25,24,22,2029,5,0,1720,91.9,0,0,0.08,0,3,0
E0,19/09/2020,17:30,Manchester,Man United,Crystal Palace,1,3,A,M Atkinson,13,14,4,5,13,10,9,3,2,1,0,0,Mateo Kovačić,Chelsea,CRO,MF,26,27,21,1815,0,1,1737,91,0,0,0.05,0.09,4,0
E0,19/09/2020,20:00,London,Arsenal,West Ham,2,1,H,M Oliver,7,14,3,3,11,13,7,5,0,1,0,0,Antonio Rüdiger,Chelsea,GER,DF,27,19,19,1710,1,0,1476,90.7,0,0,0.06,0.02,0,0
E0,20/09/2020,12:00,Hampshire,Southampton,Tottenham,2,5,A,D Coote,14,9,7,6,16,18,3,2,4,3,0,0,Christian Pulisic,Chelsea,USA,"FW,MF",21,27,18,1738,4,2,690,80,0,0,0.28,0.14,2,0
E0,20/09/2020,14:00,Newcastle,Newcastle,Brighton,0,3,A,K Friend,6,13,0,6,16,15,7,1,3,0,0,1,Kai Havertz,Chelsea,GER,"MF,FW",21,27,18,1520,4,3,765,86.1,0,0,0.37,0.09,2,0
E0,20/09/2020,16:30,London,Chelsea,Liverpool,0,2,A,P Tierney,5,18,3,6,10,6,1,11,0,0,1,0,Andreas Christensen,Chelsea,DEN,DF,24,17,15,1371,0,0,1089,92.8,0,0,0.01,0.02,2,1
E0,20/09/2020,19:00,Leicester,Leicester,Burnley,4,2,H,L Mason,14,16,6,5,11,13,15,4,1,2,0,0,Hakim Ziyech,Chelsea,MAR,"FW,MF",27,23,15,1172,2,3,734,74.7,0,0,0.15,0.28,3,0
E0,21/09/2020,18:00,Birmingham,Aston Villa,Sheffield United,1,0,H,G Scott,18,4,2,1,12,13,10,4,3,1,0,1,Tammy Abraham,Chelsea,ENG,FW,22,22,12,1040,6,1,218,68.3,0,0,0.56,0.07,0,0
E0,21/09/2020,20:15,Wolverhampton,Wolves,Man City,1,3,A,A Marriner,10,14,1,9,6,8,4,6,0,3,0,0,Marcos Alonso,Chelsea,ESP,DF,29,13,11,960,2,0,592,81.6,0,0,0.16,0.11,2,0
E0,26/09/2020,12:30,East Sussex,Brighton,Man United,2,3,A,C Kavanagh,18,7,5,3,18,16,7,1,4,2,0,0,Callum Hudson-Odoi,Chelsea,ENG,"FW,DF",19,23,10,1059,2,3,659,82.2,0,0,0.12,0.26,0,0
E0,26/09/2020,15:00,London,Crystal Palace,Everton,1,2,A,K Friend,8,10,1,5,16,15,7,6,3,1,0,0,Olivier Giroud,Chelsea,FRA,FW,33,17,8,748,4,0,217,74.2,0,0,0.58,0.09,1,0
E0,26/09/2020,17:30,West Bromwich,West Brom,Chelsea,3,3,D,J Moss,9,22,3,10,8,16,3,9,1,3,0,0,Kepa Arrizabalaga,Chelsea,ESP,GK,25,7,6,585,0,0,243,81.5,0,0,0,0,1,0
E0,26/09/2020,20:00,Burnley,Burnley,Southampton,0,1,A,A Marriner,10,5,2,1,8,10,8,2,1,0,0,0,Billy Gilmour,Chelsea,SCO,MF,19,5,3,261,0,0,215,89.3,0,0,0.01,0.04,0,0
E0,27/09/2020,12:00,Sheffield,Sheffield United,Leeds,0,1,A,P Tierney,14,17,4,9,18,4,5,7,2,1,0,0,Willy Caballero,Chelsea,ARG,GK,38,1,1,90,0,0,26,92.3,0,0,0,0,0,0
E0,27/09/2020,14:00,London,Tottenham,Newcastle,1,1,D,P Bankes,23,6,12,1,15,9,10,4,1,4,0,0,Ruben Loftus-Cheek,Chelsea,ENG,FW,24,1,1,60,0,0,16,68.8,0,0,0,0,0,0
E0,27/09/2020,16:30,Manchester,Man City,Leicester,2,5,A,M Oliver,16,7,5,7,13,8,3,4,1,3,0,0,Emerson Palmieri,Chelsea,ITA,DF,25,2,0,90,0,0,63,81,0,0,0,0,0,0
E0,27/09/2020,19:00,London,West Ham,Wolves,4,0,H,M Atkinson,15,11,7,2,7,11,1,3,0,1,0,0,Fikayo Tomori,Chelsea,ENG,DF,22,1,0,45,0,0,29,93.1,0,0,0,0,0,0
E0,28/09/2020,17:45,London,Fulham,Aston Villa,0,3,A,S Attwell,16,12,3,5,18,14,5,3,6,3,0,0,Ross Barkley,Chelsea,ENG,MF,26,2,0,42,0,0,26,84.6,0,0,0.06,0.16,0,0
E0,28/09/2020,20:00,Liverpool,Liverpool,Arsenal,3,1,H,C Pawson,21,4,8,3,11,7,7,3,2,2,0,0,Ederson,Manchester City,BRA,GK,26,36,36,3240,0,1,1090,83.1,0,0,0,0.01,3,0
E0,3/10/2020,12:30,London,Chelsea,Crystal Palace,4,0,H,M Oliver,17,4,6,0,17,13,8,5,2,0,0,0,Rúben Dias,Manchester City,POR,DF,23,32,32,2843,1,0,2671,93.6,0,0,0.07,0,4,0
E0,3/10/2020,15:00,Liverpool,Everton,Brighton,4,2,H,S Hooper,11,11,6,3,13,14,3,10,0,1,0,0,Rodri,Manchester City,ESP,MF,24,34,31,2748,2,2,2728,91.5,1,1,0.08,0.06,6,0
E0,3/10/2020,17:30,West Yorkshire,Leeds,Man City,1,1,D,M Dean,12,23,7,2,11,12,7,10,2,1,0,0,Raheem Sterling,Manchester City,ENG,FW,25,31,28,2536,10,7,1127,85.4,0,1,0.43,0.17,4,0
E0,3/10/2020,20:00,Newcastle,Newcastle,Burnley,3,1,H,D Coote,10,7,5,3,13,17,3,4,2,3,0,0,João Cancelo,Manchester City,POR,DF,26,28,27,2299,2,3,2094,85.7,0,0,0.08,0.19,5,1
E0,4/10/2020,12:00,Leicester,Leicester,West Ham,0,3,A,A Madley,4,14,0,6,11,8,6,4,2,2,0,0,Bernardo Silva,Manchester City,POR,"MF,FW",25,26,24,2065,2,6,1427,89.7,0,0,0.12,0.16,5,0
E0,4/10/2020,12:00,Hampshire,Southampton,West Brom,2,0,H,C Kavanagh,13,5,7,2,19,10,5,1,2,1,0,0,İlkay Gündoğan,Manchester City,GER,MF,29,28,23,2029,13,2,1707,91,1,2,0.4,0.2,1,0
E0,4/10/2020,14:00,London,Arsenal,Sheffield United,2,1,H,L Mason,6,6,5,2,3,9,2,4,0,1,0,0,Kevin De Bruyne,Manchester City,BEL,MF,29,25,23,1997,6,12,1406,76,2,3,0.44,0.46,1,0
E0,4/10/2020,14:00,Wolverhampton,Wolves,Fulham,1,0,H,D England,14,10,5,2,15,8,6,2,1,1,0,0,Riyad Mahrez,Manchester City,ALG,FW,29,27,23,1949,9,6,1086,84.2,0,0,0.26,0.27,0,0
E0,4/10/2020,16:30,Manchester,Man United,Tottenham,1,6,A,A Taylor,5,22,2,8,14,10,2,4,2,1,1,0,Gabriel Jesus,Manchester City,BRA,FW,23,29,22,2063,9,4,754,84.6,0,0,0.38,0.15,2,0
E0,4/10/2020,19:15,Birmingham,Aston Villa,Liverpool,7,2,H,M Atkinson,18,14,11,8,7,10,2,7,2,1,0,0,Kyle Walker,Manchester City,ENG,DF,30,24,22,1946,1,1,1897,89.4,0,0,0.01,0.02,1,0
E0,17/10/2020,12:30,Liverpool,Everton,Liverpool,2,2,D,M Oliver,11,22,5,8,15,9,2,5,3,2,1,0,John Stones,Manchester City,ENG,DF,26,22,22,1933,4,0,1713,94.3,0,0,0.1,0,0,1
E0,17/10/2020,15:00,London,Chelsea,Southampton,3,3,D,P Bankes,11,13,5,6,11,9,6,2,1,1,0,0,Phil Foden,Manchester City,ENG,"FW,MF",20,28,17,1616,9,5,838,82,0,0,0.31,0.23,0,0
E0,17/10/2020,17:30,Manchester,Man City,Arsenal,1,0,H,C Kavanagh,13,11,5,3,15,10,6,6,4,1,0,0,Oleksandr Zinchenko,Manchester City,UKR,DF,23,20,15,1478,0,0,1475,90.2,0,0,0.04,0.08,0,0
E0,17/10/2020,20:00,Newcastle,Newcastle,Man United,1,4,A,C Pawson,7,28,4,14,9,12,0,7,1,1,0,0,Ferrán Torres,Manchester City,ESP,"FW,MF",20,24,15,1306,7,2,442,81.4,0,0,0.37,0.13,1,0
E0,18/10/2020,12:00,Sheffield,Sheffield United,Fulham,1,1,D,A Marriner,10,15,6,6,5,9,2,5,0,2,0,0,Aymeric Laporte,Manchester City,FRA,DF,26,16,14,1344,0,0,1261,92,0,0,0.05,0.05,1,0
E0,18/10/2020,14:00,London,Crystal Palace,Brighton,1,1,D,S Attwell,1,20,1,3,13,12,2,5,3,2,0,1,Fernandinho,Manchester City,BRA,MF,35,21,12,1188,0,2,1001,87.8,0,0,0.06,0.07,6,0
E0,18/10/2020,16:30,London,Tottenham,West Ham,3,3,D,P Tierney,11,13,6,4,13,12,3,7,0,5,0,0,Benjamin Mendy,Manchester City,FRA,DF,26,13,11,953,2,1,651,81.7,0,0,0.04,0.04,2,0
E0,18/10/2020,19:15,Leicester,Leicester,Aston Villa,0,1,A,J Moss,11,10,5,4,18,18,2,7,4,3,0,0,Nathan Aké,Manchester City,NED,DF,25,10,9,797,1,0,755,93,0,0,0.01,0,4,0
E0,19/10/2020,17:30,West Bromwich,West Brom,Burnley,0,0,D,A Taylor,13,9,6,4,15,17,8,2,2,2,0,0,Sergio Agüero,Manchester City,ARG,"FW,MF",32,12,7,559,4,1,170,84.1,1,2,0.54,0.21,0,0
E0,19/10/2020,20:00,West Yorkshire,Leeds,Wolves,0,1,A,D Coote,13,7,2,3,13,12,8,3,2,1,0,0,Eric García,Manchester City,ESP,DF,19,6,3,383,0,0,344,93.6,0,0,0.03,0.02,0,0
E0,23/10/2020,20:00,Birmingham,Aston Villa,Leeds,0,3,A,P Tierney,12,27,4,9,14,17,6,5,2,2,0,0,Scott Carson,Manchester City,ENG,GK,34,1,1,90,0,0,16,93.8,0,0,0,0,0,0
E0,24/10/2020,12:30,London,West Ham,Man City,1,1,D,A Taylor,6,14,2,7,14,6,2,10,2,0,0,0,Zack Steffen,Manchester City,USA,GK,25,1,1,90,0,0,28,82.1,0,0,0,0,0,0
E0,24/10/2020,15:00,London,Fulham,Crystal Palace,1,2,A,G Scott,16,14,3,10,11,11,4,4,0,1,1,0,Liam Delap,Manchester City,ENG,FW,17,1,0,40,0,0,7,71.4,0,0,0.06,0,0,0
E0,24/10/2020,17:30,Manchester,Man United,Chelsea,0,0,D,M Atkinson,14,6,4,1,8,6,9,6,3,1,0,0,Bruno Fernandes,Manchester United,POR,MF,25,37,35,3099,18,12,2283,74.6,9,10,0.45,0.32,6,0
E0,24/10/2020,20:00,Liverpool,Liverpool,Sheffield United,2,1,H,M Dean,17,13,5,2,7,15,7,3,0,3,0,0,Aaron Wan-Bissaka,Manchester United,ENG,DF,22,34,34,3060,2,4,2065,86,0,0,0.03,0.07,3,0
E0,25/10/2020,14:00,Hampshire,Southampton,Everton,2,0,H,K Friend,12,6,6,2,11,11,4,5,1,2,0,1,Harry Maguire,Manchester United,ENG,DF,27,34,34,3047,2,1,2139,89,0,0,0.06,0.01,11,0
E0,25/10/2020,16:30,Wolverhampton,Wolves,Newcastle,1,1,D,L Mason,16,5,3,2,10,10,2,3,0,1,0,0,Marcus Rashford,Manchester United,ENG,FW,22,37,33,2920,11,9,1234,80.6,0,0,0.29,0.11,4,0
E0,25/10/2020,19:15,London,Arsenal,Leicester,0,1,A,C Pawson,12,6,4,2,13,9,9,3,3,5,0,0,Luke Shaw,Manchester United,ENG,DF,25,32,30,2654,1,5,2015,81.6,0,0,0.02,0.18,8,0
E0,26/10/2020,17:30,East Sussex,Brighton,West Brom,1,1,D,J Moss,5,9,3,3,14,7,6,2,2,0,0,0,Victor Lindelöf,Manchester United,SWE,DF,26,29,29,2585,1,1,1800,91.1,0,0,0.02,0.02,0,0
E0,26/10/2020,20:00,Burnley,Burnley,Tottenham,0,1,A,M Oliver,13,9,4,3,9,7,4,5,2,0,0,0,Fred,Manchester United,BRA,MF,27,30,27,2390,1,0,1763,88.2,0,0,0.07,0.1,5,0
E0,30/10/2020,20:00,Wolverhampton,Wolves,Crystal Palace,2,0,H,M Atkinson,15,11,5,2,13,4,7,6,0,2,0,1,David de Gea,Manchester United,ESP,GK,29,26,26,2295,0,0,594,77.1,0,0,0,0,0,0
E0,31/10/2020,12:30,Sheffield,Sheffield United,Man City,0,1,A,M Oliver,5,16,1,8,14,6,2,5,0,0,0,0,Scott McTominay,Manchester United,SCO,MF,23,32,24,2129,4,1,1270,87.3,0,0,0.09,0.04,3,0
E0,31/10/2020,15:00,Burnley,Burnley,Chelsea,0,3,A,D Coote,5,14,0,9,10,15,3,4,1,0,0,0,Paul Pogba,Manchester United,FRA,"MF,FW",27,26,21,1897,3,3,1343,82.8,0,0,0.1,0.1,3,0
E0,31/10/2020,17:30,Liverpool,Liverpool,West Ham,2,1,H,K Friend,9,4,5,3,13,14,1,2,0,1,0,0,Mason Greenwood,Manchester United,ENG,FW,18,31,21,1822,7,2,732,83.1,0,0,0.37,0.09,2,0
E0,1/11/2020,12:00,Birmingham,Aston Villa,Southampton,3,4,A,D England,19,9,10,4,12,17,11,1,1,2,0,0,Anthony Martial,Manchester United,FRA,FW,24,22,17,1480,4,3,488,82.8,0,0,0.4,0.12,0,1
E0,1/11/2020,14:00,Newcastle,Newcastle,Everton,2,1,H,S Attwell,11,15,4,4,9,10,5,4,2,4,0,0,Edinson Cavani,Manchester United,URU,FW,33,26,13,1375,10,3,343,78.7,0,0,0.48,0.17,4,0
E0,1/11/2020,16:30,Manchester,Man United,Arsenal,0,1,A,M Dean,8,7,2,2,12,12,6,3,3,3,0,0,Dean Henderson,Manchester United,ENG,GK,23,13,12,1125,0,0,314,75.2,0,0,0,0,3,0
E0,1/11/2020,19:15,London,Tottenham,Brighton,2,1,H,G Scott,9,6,3,2,14,13,4,5,2,1,0,0,Nemanja Matić,Manchester United,SRB,MF,31,20,12,1106,0,0,975,90.5,0,0,0.02,0.03,2,0
E0,2/11/2020,17:30,London,Fulham,West Brom,2,0,H,S Hooper,13,10,6,1,13,11,5,2,3,2,0,0,Daniel James,Manchester United,WAL,FW,22,15,11,910,3,1,304,78,0,0,0.23,0.12,3,0
E0,2/11/2020,20:00,West Yorkshire,Leeds,Leicester,1,4,A,A Marriner,11,10,4,8,9,5,10,3,1,1,0,0,Eric Bailly,Manchester United,CIV,DF,26,12,10,916,0,0,547,90.3,0,0,0.01,0,3,0
E0,6/11/2020,17:30,East Sussex,Brighton,Burnley,0,0,D,M Dean,19,4,3,1,11,5,5,3,1,0,0,0,Alex Telles,Manchester United,BRA,DF,27,9,8,690,0,2,570,80.5,0,0,0.02,0.15,0,0
E0,6/11/2020,20:00,Hampshire,Southampton,Newcastle,2,0,H,P Bankes,15,4,8,2,12,11,8,3,1,2,0,0,Juan Mata,Manchester United,ESP,"FW,MF",32,9,6,509,1,2,294,84,1,1,0.19,0.15,0,0
E0,7/11/2020,12:30,Liverpool,Everton,Man United,1,3,A,P Tierney,7,13,1,5,12,19,5,2,4,2,0,0,Donny van de Beek,Manchester United,NED,"MF,FW",23,19,4,524,1,1,279,84.2,0,0,0.05,0.17,1,0
E0,7/11/2020,15:00,London,Crystal Palace,Leeds,4,1,H,C Kavanagh,10,9,6,3,9,1,3,6,0,2,0,0,Axel Tuanzebe,Manchester United,ENG,DF,22,9,4,404,0,0,263,89.7,0,0,0,0,2,0
E0,7/11/2020,17:30,London,Chelsea,Sheffield United,4,1,H,J Moss,20,6,9,3,5,14,6,7,0,2,0,0,Brandon Williams,Manchester United,ENG,DF,19,4,2,188,0,0,140,85.7,0,0,0.05,0.01,0,0
E0,7/11/2020,20:00,London,West Ham,Fulham,1,0,H,R Jones,16,13,7,3,10,9,9,5,2,2,0,0,Amad Diallo,Manchester United,CIV,FW,18,3,2,166,0,1,64,84.4,0,0,0.02,0.26,0,0
E0,8/11/2020,12:00,West Bromwich,West Brom,Tottenham,0,1,A,A Madley,12,19,2,5,17,12,9,6,1,0,0,0,Anthony Elanga,Manchester United,SWE,FW,18,2,2,155,1,0,53,81.1,0,0,0.16,0.02,0,0
E0,8/11/2020,14:00,Leicester,Leicester,Wolves,1,0,H,A Taylor,10,7,3,2,12,8,6,3,2,3,0,0,Timothy Fosu-Mensah,Manchester United,NED,DF,22,1,1,80,0,0,75,86.7,0,0,0.03,0.31,1,0
E0,8/11/2020,16:30,Manchester,Man City,Liverpool,1,1,D,C Pawson,7,10,2,3,19,11,1,2,3,1,0,0,Shola Shoretire,Manchester United,ENG,FW,16,2,0,11,0,0,8,75,0,0,0,0,0,0
E0,8/11/2020,19:15,London,Arsenal,Aston Villa,0,3,A,M Atkinson,13,15,2,6,11,13,3,8,0,0,0,0,Odion Ighalo,Manchester United,NGA,FW,31,1,0,10,0,0,1,100,0,0,0,0,0,0
E0,21/11/2020,12:30,Newcastle,Newcastle,Chelsea,0,2,A,C Pawson,8,14,1,3,11,12,7,4,2,0,0,0,Hannibal Mejbri,Manchester United,FRA,MF,17,1,0,9,0,0,3,100,0,0,0,0,0,0
E0,21/11/2020,15:00,Birmingham,Aston Villa,Brighton,1,2,A,M Oliver,15,7,4,3,5,18,12,3,2,1,0,1,William Thomas Fish,Manchester United,ENG,DF,17,1,0,1,0,0,1,0,0,0,0,0,0,0
E0,21/11/2020,17:30,London,Tottenham,Man City,2,0,H,M Dean,4,22,2,5,13,19,0,10,2,2,0,0,Andrew Robertson,Liverpool FC,SCO,DF,26,38,38,3383,1,7,3214,79.9,0,0,0.04,0.18,2,0
E0,21/11/2020,20:00,Manchester,Man United,West Brom,1,0,H,D Coote,17,7,7,2,12,17,8,2,1,1,0,0,Mohamed Salah,Liverpool FC,EGY,FW,28,37,34,3078,22,5,1288,83.2,6,6,0.61,0.18,0,0
E0,22/11/2020,12:00,London,Fulham,Everton,2,3,A,A Madley,14,9,6,7,14,10,2,5,2,0,0,0,Trent Alexander-Arnold,Liverpool FC,ENG,DF,21,36,34,3031,2,7,2941,75.3,0,0,0.08,0.24,2,0
E0,22/11/2020,14:00,Sheffield,Sheffield United,West Ham,0,1,A,M Atkinson,9,15,5,3,7,6,2,6,0,0,0,0,Georginio Wijnaldum,Liverpool FC,NED,MF,29,38,34,2941,2,0,1747,93.3,0,0,0.1,0.05,1,0
E0,22/11/2020,16:30,West Yorkshire,Leeds,Arsenal,0,0,D,A Taylor,25,9,4,2,9,8,5,3,3,0,0,1,Alisson,Liverpool FC,BRA,GK,27,33,33,2970,1,0,1137,85.2,0,0,0,0,1,0
E0,22/11/2020,19:15,Liverpool,Liverpool,Leicester,3,0,H,C Kavanagh,24,11,13,4,15,6,10,3,0,2,0,0,Roberto Firmino,Liverpool FC,BRA,FW,28,36,33,2838,9,7,1308,79.7,0,0,0.4,0.2,2,0
E0,23/11/2020,17:30,Burnley,Burnley,Crystal Palace,1,0,H,K Friend,10,15,4,5,13,9,4,7,2,0,0,0,Sadio Mané,Liverpool FC,SEN,FW,28,35,31,2810,11,7,1064,75.4,0,0,0.49,0.18,3,0
E0,23/11/2020,20:00,Wolverhampton,Wolves,Southampton,1,1,D,A Marriner,20,7,9,2,14,13,7,4,2,0,0,0,Fabinho,Liverpool FC,BRA,"DF,MF",26,30,28,2567,0,0,2049,91.1,0,0,0.02,0.01,6,0
E0,27/11/2020,20:00,London,Crystal Palace,Newcastle,0,2,A,G Scott,12,14,3,7,9,10,7,3,2,2,0,0,Thiago Alcántara,Liverpool FC,ESP,MF,29,24,20,1854,1,0,1674,89.5,0,0,0.07,0.11,4,0
E0,28/11/2020,12:30,East Sussex,Brighton,Liverpool,1,1,D,S Attwell,11,6,3,2,9,13,4,3,2,1,0,0,Jordan Henderson,Liverpool FC,ENG,"MF,DF",30,21,20,1704,1,1,1812,86.8,0,0,0.09,0.07,0,0
E0,28/11/2020,15:00,Manchester,Man City,Burnley,5,0,H,L Mason,19,9,6,1,12,4,6,4,0,0,0,0,Nathaniel Phillips,Liverpool FC,ENG,DF,23,17,15,1456,1,1,1058,87.2,0,0,0.07,0.02,2,0
E0,28/11/2020,17:30,Liverpool,Everton,Leeds,0,1,A,C Kavanagh,15,23,8,7,8,14,4,2,1,2,0,0,Curtis Jones,Liverpool FC,ENG,MF,19,24,13,1179,1,2,976,91.2,0,0,0.11,0.12,2,0
E0,28/11/2020,20:00,West Bromwich,West Brom,Sheffield United,1,0,H,M Dean,17,21,6,5,10,9,14,9,2,3,0,0,Diogo Jota,Liverpool FC,POR,FW,23,19,12,1112,9,0,451,72.5,0,0,0.53,0.13,2,0
E0,29/11/2020,14:00,Hampshire,Southampton,Man United,2,3,A,J Moss,10,15,5,6,12,12,5,9,1,0,0,0,James Milner,Liverpool FC,ENG,"MF,DF",34,26,11,1070,0,1,913,84.9,0,0,0.04,0.1,3,0
E0,29/11/2020,16:30,London,Chelsea,Tottenham,0,0,D,P Tierney,13,5,3,1,20,9,3,3,4,2,0,0,Ozan Kabak,Liverpool FC,TUR,DF,20,9,9,801,0,0,554,90.6,0,0,0.01,0.02,3,0
E0,29/11/2020,19:15,London,Arsenal,Wolves,1,2,A,M Oliver,13,11,2,5,13,13,8,4,3,4,0,0,Joël Matip,Liverpool FC,CMR,DF,28,10,9,691,1,2,527,88.4,0,0,0.08,0.14,2,0
E0,30/11/2020,17:30,Leicester,Leicester,Fulham,1,2,A,S Hooper,16,10,3,5,9,21,6,5,0,2,0,0,Rhys Williams,Liverpool FC,ENG,DF,19,9,7,661,0,0,451,92,0,0,0.07,0.05,0,0
E0,30/11/2020,20:00,London,West Ham,Aston Villa,2,1,H,P Bankes,6,16,2,6,20,7,3,7,1,1,0,0,Naby Keïta,Liverpool FC,GUI,MF,25,10,7,520,0,0,356,87.4,0,0,0.09,0.14,1,0
E0,5/12/2020,12:30,Burnley,Burnley,Everton,1,1,D,A Taylor,8,13,3,6,6,9,8,4,0,0,0,0,Joe Gomez,Liverpool FC,ENG,DF,23,7,6,590,0,0,532,90.2,0,0,0,0,0,0
E0,5/12/2020,15:00,Manchester,Man City,Fulham,2,0,H,J Moss,16,6,6,1,7,6,9,3,0,0,0,0,Xherdan Shaqiri,Liverpool FC,SUI,"MF,FW",28,14,5,556,0,2,426,83.6,0,0,0.06,0.49,2,0
E0,5/12/2020,17:30,London,West Ham,Man United,1,3,A,A Marriner,19,15,6,6,9,10,5,4,0,0,0,0,Virgil van Dijk,Liverpool FC,NED,DF,29,5,5,370,1,0,329,90,0,0,0.08,0,1,0
E0,5/12/2020,20:00,London,Chelsea,Leeds,3,1,H,K Friend,23,8,11,3,12,9,8,4,0,2,0,0,Adrián,Liverpool FC,ESP,GK,33,3,3,270,0,0,99,76.8,0,0,0,0,0,0
E0,6/12/2020,12:00,West Bromwich,West Brom,Crystal Palace,1,5,A,P Tierney,9,18,4,6,10,16,4,6,2,2,1,0,Neco Williams,Liverpool FC,WAL,DF,19,6,3,249,0,0,213,73.2,0,0,0.03,0.1,1,0
E0,6/12/2020,14:15,Sheffield,Sheffield United,Leicester,1,2,A,S Attwell,4,13,1,4,13,6,6,5,1,3,0,0,Takumi Minamino,Liverpool FC,JPN,"MF,FW",25,9,2,293,1,0,139,79.9,0,0,0.2,0,0,0
E0,6/12/2020,16:30,London,Tottenham,Arsenal,2,0,H,M Atkinson,6,11,3,2,16,12,3,9,1,2,0,0,Alex Oxlade-Chamberlain,Liverpool FC,ENG,"FW,MF",26,13,2,253,1,1,138,75.4,0,0,0.13,0.08,0,0
E0,6/12/2020,19:15,Liverpool,Liverpool,Wolves,4,0,H,C Pawson,11,9,6,3,8,14,4,6,1,1,0,0,Divock Origi,Liverpool FC,BEL,FW,25,9,2,186,0,0,60,76.7,0,0,0.47,0.11,0,0
E0,7/12/2020,20:00,East Sussex,Brighton,Southampton,1,2,A,D Coote,12,10,4,3,12,12,4,3,3,3,0,0,Caoimhín Kelleher,Liverpool FC,IRL,GK,21,2,2,180,0,0,62,82.3,0,0,0,0,0,0
E0,11/12/2020,20:00,West Yorkshire,Leeds,West Ham,1,2,A,M Oliver,13,19,7,8,12,10,5,6,1,2,0,0,Kostas Tsimikas,Liverpool FC,GRE,DF,24,2,0,7,0,0,8,75,0,0,0,0,0,0
E0,12/12/2020,12:30,Wolverhampton,Wolves,Aston Villa,0,1,A,M Dean,16,13,7,2,23,15,5,8,2,5,0,0,Kasper Schmeichel,Leicester City,DEN,GK,33,38,38,3420,0,0,1218,72.7,0,0,0,0,0,0
E0,12/12/2020,15:00,Newcastle,Newcastle,West Brom,2,1,H,D England,12,13,7,3,9,12,4,3,2,3,0,0,Youri Tielemans,Leicester City,BEL,MF,23,38,37,3357,6,4,2559,78.6,2,2,0.12,0.09,6,0
E0,12/12/2020,17:30,Manchester,Man United,Man City,0,0,D,C Kavanagh,11,9,2,2,13,6,4,3,1,1,0,0,Jamie Vardy,Leicester City,ENG,FW,33,34,31,2840,15,9,452,66.4,8,9,0.62,0.16,1,0
E0,12/12/2020,20:00,Liverpool,Everton,Chelsea,1,0,H,J Moss,9,10,4,3,10,11,6,6,2,3,0,0,Jonny Evans,Leicester City,NIR,DF,32,28,28,2473,2,2,1764,87.5,0,0,0.06,0.01,7,0
E0,13/12/2020,12:00,Hampshire,Southampton,Sheffield United,3,0,H,A Madley,16,3,6,0,8,14,8,4,0,1,0,0,Timothy Castagne,Leicester City,BEL,DF,24,27,27,2345,2,3,1512,83.8,0,0,0.05,0.08,1,0
E0,13/12/2020,14:15,London,Crystal Palace,Tottenham,1,1,D,K Friend,16,14,5,6,15,11,4,7,1,1,0,0,Wesley Fofana,Leicester City,FRA,DF,19,28,27,2262,0,0,1672,88.2,0,0,0.04,0.01,7,0
E0,13/12/2020,16:30,London,Fulham,Liverpool,1,1,D,A Marriner,10,12,5,6,9,5,6,8,3,1,0,0,Wilfred Ndidi,Leicester City,NGA,"MF,DF",23,26,25,2176,1,4,1363,88.1,0,0,0.03,0.06,6,0
E0,13/12/2020,19:15,London,Arsenal,Burnley,0,1,A,G Scott,18,10,6,2,5,11,13,4,2,1,1,0,James Maddison,Leicester City,ENG,"MF,FW",23,31,24,2099,8,5,1116,77.3,0,0,0.19,0.23,4,0
E0,13/12/2020,19:15,Leicester,Leicester,Brighton,3,0,H,M Atkinson,15,12,6,4,9,11,9,5,2,1,0,0,James Justin,Leicester City,ENG,DF,22,23,23,2070,2,1,1248,79.2,0,0,0.07,0.07,4,0
E0,15/12/2020,18:00,Wolverhampton,Wolves,Chelsea,2,1,H,S Attwell,12,13,4,3,12,12,5,6,2,2,0,0,Harvey Barnes,Leicester City,ENG,"FW,MF",22,25,22,1945,9,4,626,74.8,0,0,0.29,0.07,0,0
E0,15/12/2020,20:00,Manchester,Man City,West Brom,1,1,D,P Bankes,26,5,7,1,5,8,13,2,2,3,0,0,Çağlar Söyüncü,Leicester City,TUR,DF,24,23,19,1819,1,0,1351,89,0,0,0.03,0.01,2,0
E0,16/12/2020,18:00,London,Arsenal,Southampton,1,1,D,P Tierney,9,13,4,3,13,13,2,7,1,3,1,0,Marc Albrighton,Leicester City,ENG,"DF,FW",30,31,17,1746,1,5,923,68.8,0,0,0.07,0.23,2,0
E0,16/12/2020,18:00,West Yorkshire,Leeds,Newcastle,5,2,H,S Hooper,25,10,10,4,10,13,7,4,3,1,0,0,Kelechi Iheanacho,Leicester City,NGA,FW,23,25,16,1459,12,2,501,79.8,0,1,0.48,0.18,1,0
E0,16/12/2020,18:00,Leicester,Leicester,Everton,0,2,A,L Mason,14,11,2,6,12,9,4,6,2,3,0,0,Nampalys Mendy,Leicester City,SEN,MF,28,23,15,1459,0,1,965,91.4,0,0,0.01,0.02,5,0
E0,16/12/2020,20:00,London,Fulham,Brighton,0,0,D,R Jones,9,9,4,4,15,11,1,8,1,0,0,0,Ayoze Pérez,Leicester City,ESP,"MF,FW",27,25,15,1331,2,1,499,76.6,0,0,0.22,0.08,2,0
E0,16/12/2020,20:00,Liverpool,Liverpool,Tottenham,2,1,H,A Taylor,17,8,11,2,8,9,7,4,0,2,0,0,Luke Thomas,Leicester City,ENG,DF,19,14,12,969,1,0,484,74.2,0,0,0.03,0.02,2,0
E0,16/12/2020,20:00,London,West Ham,Crystal Palace,1,1,D,D Coote,9,8,2,2,8,12,5,3,0,1,0,1,Ricardo Pereira,Leicester City,POR,DF,26,15,10,959,0,1,525,78.3,0,0,0.04,0.05,3,0
E0,17/12/2020,18:00,Birmingham,Aston Villa,Burnley,0,0,D,C Pawson,27,6,7,4,17,19,11,1,1,1,0,0,Dennis Praet,Leicester City,BEL,"MF,FW",26,15,10,718,1,1,313,79.2,0,0,0.07,0.1,0,0
E0,17/12/2020,20:00,Sheffield,Sheffield United,Man United,2,3,A,M Oliver,12,14,6,8,17,8,6,3,3,2,0,0,Daniel Amartey,Leicester City,GHA,DF,25,12,8,722,1,0,466,85.8,0,0,0.05,0,3,0
E0,19/12/2020,12:30,London,Crystal Palace,Liverpool,0,7,A,J Moss,5,14,3,8,5,11,5,4,1,0,0,0,Christian Fuchs,Leicester City,AUT,DF,34,9,8,702,0,0,589,81.2,0,0,0.01,0,4,0
E0,19/12/2020,15:00,Hampshire,Southampton,Man City,0,1,A,M Dean,9,11,3,5,9,11,6,6,2,2,0,0,Hamza Choudhury,Leicester City,ENG,MF,22,10,4,316,0,0,235,80.9,0,0,0.11,0,1,0
E0,19/12/2020,17:30,Liverpool,Everton,Arsenal,2,1,H,A Marriner,9,13,2,2,9,9,4,3,1,3,0,0,Cengiz Ünder,Leicester City,TUR,"MF,FW",23,9,1,281,0,2,129,70.5,0,0,0.08,0.57,0,0
E0,19/12/2020,20:00,Newcastle,Newcastle,Fulham,1,1,D,G Scott,12,11,5,4,7,17,2,9,1,2,0,1,Sidnei Tavares,Leicester City,POR,MF,18,2,1,85,0,0,26,73.1,0,0,0.06,0,0,0
E0,20/12/2020,12:00,East Sussex,Brighton,Sheffield United,1,1,D,P Bankes,21,5,5,3,9,11,14,2,1,5,0,1,Islam Slimani,Leicester City,ALG,FW,32,1,0,20,0,0,11,72.7,0,0,0.19,0.13,0,0
E0,20/12/2020,14:15,London,Tottenham,Leicester,0,2,A,C Pawson,8,17,3,4,15,14,5,3,2,2,0,0,Demarai Gray,Leicester City,ENG,FW,24,1,0,19,0,0,11,63.6,0,0,0.43,0,0,0
E0,20/12/2020,16:30,Manchester,Man United,Leeds,6,2,H,A Taylor,26,17,14,3,6,6,11,13,1,0,0,0,Wes Morgan,Leicester City,JAM,DF,36,3,0,18,0,0,5,100,0,0,0,0,0,0
E0,20/12/2020,19:15,West Bromwich,West Brom,Aston Villa,0,3,A,M Atkinson,1,19,1,10,14,8,1,7,1,2,1,0,Khanya Leshabela,Leicester City,RSA,MF,20,1,0,10,0,0,9,77.8,0,0,0,0,0,0
E0,21/12/2020,17:30,Burnley,Burnley,Wolves,2,1,H,L Mason,10,15,4,3,11,15,1,7,2,1,0,0,Tomáš Souček,West Ham United,CZE,MF,25,38,38,3419,10,1,1539,76.9,0,0,0.24,0.04,7,1
E0,21/12/2020,20:00,London,Chelsea,West Ham,3,0,H,C Kavanagh,11,6,7,0,11,6,5,4,0,0,0,0,Aaron Cresswell,West Ham United,ENG,DF,30,36,36,3170,0,8,2060,74.8,0,0,0.03,0.17,3,0
E0,26/12/2020,12:30,Leicester,Leicester,Man United,2,2,D,M Dean,10,9,2,4,10,17,5,0,2,1,0,0,Łukasz Fabiański,West Ham United,POL,GK,35,35,35,3150,0,0,1002,60.5,0,0,0,0,2,0
E0,26/12/2020,15:00,Birmingham,Aston Villa,Crystal Palace,3,0,H,A Taylor,21,13,10,6,18,16,4,4,1,4,1,0,Vladimír Coufal,West Ham United,CZE,DF,27,34,34,3054,0,7,1692,70.9,0,0,0.04,0.14,3,0
E0,26/12/2020,15:00,London,Fulham,Southampton,0,0,D,D England,10,3,1,2,15,12,6,3,2,0,0,0,Declan Rice,West Ham United,ENG,MF,21,32,32,2879,2,1,1506,86.2,1,2,0.1,0.06,2,0
E0,26/12/2020,17:30,London,Arsenal,Chelsea,3,1,H,M Oliver,15,19,7,3,13,10,7,9,2,1,0,0,Pablo Fornals,West Ham United,ESP,"FW,MF",24,33,31,2572,5,4,1102,77.3,0,0,0.23,0.09,3,0
E0,26/12/2020,20:00,Manchester,Man City,Newcastle,2,0,H,A Marriner,11,7,6,2,5,12,7,3,2,2,0,0,Jarrod Bowen,West Ham United,ENG,"FW,MF",23,38,30,2562,8,5,734,68,0,0,0.22,0.16,0,0
E0,26/12/2020,20:00,Sheffield,Sheffield United,Everton,0,1,A,D Coote,10,7,2,3,11,10,6,3,2,4,0,0,Angelo Ogbonna,West Ham United,ITA,DF,32,28,28,2492,3,0,960,84.4,0,0,0.05,0.04,5,0
E0,27/12/2020,12:00,West Yorkshire,Leeds,Burnley,1,0,H,R Jones,11,14,4,6,8,14,4,12,0,3,0,0,Michail Antonio,West Ham United,ENG,FW,30,26,24,1974,10,5,490,66.5,0,0,0.52,0.11,3,0
E0,27/12/2020,14:15,London,West Ham,Brighton,2,2,D,S Hooper,11,13,4,4,6,8,5,4,0,0,0,0,Craig Dawson,West Ham United,ENG,DF,30,22,22,1925,3,0,718,82.5,0,0,0.08,0,5,1
E0,27/12/2020,16:30,Liverpool,Liverpool,West Brom,1,1,D,K Friend,17,5,2,3,8,5,8,3,0,1,0,0,Jesse Lingard,West Ham United,ENG,"MF,FW",27,16,16,1421,9,4,669,81.3,1,2,0.32,0.09,3,0
E0,27/12/2020,19:15,Wolverhampton,Wolves,Tottenham,1,1,D,P Tierney,11,6,6,3,20,13,9,2,4,1,0,0,Issa Diop,West Ham United,FRA,DF,23,18,15,1381,2,0,563,84.4,0,0,0.02,0,3,0
E0,28/12/2020,15:00,London,Crystal Palace,Leicester,1,1,D,G Scott,4,17,1,3,10,7,2,5,0,1,0,0,Saïd Benrahma,West Ham United,ALG,"FW,MF",24,30,14,1391,1,6,527,78,0,0,0.15,0.28,0,0
E0,28/12/2020,17:30,London,Chelsea,Aston Villa,1,1,D,S Attwell,16,10,5,2,16,3,11,4,3,1,0,0,Fabián Balbuena,West Ham United,PAR,DF,28,14,13,1198,1,0,465,76.8,0,0,0.05,0,1,1
E0,29/12/2020,18:00,East Sussex,Brighton,Arsenal,0,1,A,M Atkinson,13,11,2,3,11,4,5,4,2,0,0,0,Arthur Masuaku,West Ham United,COD,"DF,FW",26,12,12,1006,0,2,552,80.1,0,0,0.03,0.17,2,0
E0,29/12/2020,18:00,Burnley,Burnley,Sheffield United,1,0,H,C Kavanagh,5,7,3,3,13,17,3,5,1,2,0,0,Sébastien Haller,West Ham United,CIV,FW,26,16,10,937,3,0,252,67.9,0,0,0.28,0.12,0,0
E0,29/12/2020,18:00,Hampshire,Southampton,West Ham,0,0,D,A Madley,8,8,3,3,16,15,4,3,3,1,0,0,Mark Noble,West Ham United,ENG,MF,33,21,8,712,0,0,429,87.2,0,0,0,0.03,1,0
E0,29/12/2020,18:00,West Bromwich,West Brom,Leeds,0,5,A,L Mason,4,14,1,6,7,10,3,10,0,1,0,0,Ryan Fredericks,West Ham United,ENG,"DF,FW",27,14,6,569,1,1,279,72.8,0,0,0.05,0.19,2,0
E0,29/12/2020,20:00,Manchester,Man United,Wolves,1,0,H,J Moss,11,9,3,5,11,7,2,2,1,1,0,0,Manuel Lanzini,West Ham United,ARG,"MF,FW",27,17,5,566,1,1,368,88.9,0,0,0.18,0.14,1,0
E0,30/12/2020,20:00,Newcastle,Newcastle,Liverpool,0,0,D,P Tierney,8,11,2,4,9,13,5,12,2,3,0,0,Ben Johnson,West Ham United,ENG,DF,20,14,5,523,1,0,219,70.3,0,0,0.06,0.04,1,0
E0,1/1/2021,17:30,Liverpool,Everton,West Ham,0,1,A,K Friend,10,11,2,5,9,7,5,4,2,0,0,0,Darren Randolph,West Ham United,IRL,GK,33,3,3,270,0,0,66,54.5,0,0,0,0,0,0
E0,1/1/2021,20:00,Manchester,Man United,Aston Villa,2,1,H,M Oliver,19,5,9,5,22,10,5,10,4,0,0,0,Andriy Yarmolenko,West Ham United,UKR,"FW,MF",30,15,1,375,0,1,157,79,0,0,0.1,0.23,3,0
E0,2/1/2021,12:30,London,Tottenham,Leeds,3,0,H,D Coote,20,18,7,5,15,13,3,5,2,1,1,0,Robert Snodgrass,West Ham United,SCO,"FW,DF",32,3,0,5,0,0,3,100,0,0,0,0,0,0
E0,2/1/2021,15:00,London,Crystal Palace,Sheffield United,2,0,H,S Attwell,9,7,4,2,8,18,3,6,1,3,0,0,Felipe Anderson,West Ham United,BRA,"FW,MF",27,2,0,3,0,0,6,66.7,0,0,0,0,0,0
E0,2/1/2021,17:30,East Sussex,Brighton,Wolves,3,3,D,A Madley,13,11,4,4,13,8,5,8,2,1,0,0,Pierre Højbjerg,Tottenham Hotspur,DEN,MF,24,38,38,3420,2,4,2687,88.9,0,0,0.03,0.05,9,0
E0,2/1/2021,20:00,West Bromwich,West Brom,Arsenal,0,4,A,M Atkinson,7,21,3,12,7,4,3,5,1,2,0,0,Hugo Lloris,Tottenham Hotspur,FRA,GK,33,38,38,3420,0,0,1067,71.5,0,0,0,0,0,0
E0,3/1/2021,14:15,Newcastle,Newcastle,Leicester,1,2,A,R Jones,8,9,2,3,10,11,3,6,0,2,0,0,Son Heung-min,Tottenham Hotspur,KOR,FW,28,37,36,3114,17,10,1199,76.7,1,1,0.3,0.26,0,0
E0,3/1/2021,16:30,London,Chelsea,Man City,1,3,A,A Taylor,9,18,2,6,11,10,5,3,3,1,0,0,Harry Kane,Tottenham Hotspur,ENG,FW,27,35,35,3082,23,14,937,70.1,4,4,0.6,0.22,1,0
E0,4/1/2021,20:00,Hampshire,Southampton,Liverpool,1,0,H,A Marriner,7,17,3,1,5,12,1,10,1,3,0,0,Eric Dier,Tottenham Hotspur,ENG,DF,26,28,28,2520,0,0,1654,84.6,0,0,0.03,0,3,0
E0,12/1/2021,18:00,Sheffield,Sheffield United,Newcastle,1,0,H,A Madley,17,7,4,3,13,12,5,2,2,3,0,1,Tanguy Ndombele,Tottenham Hotspur,FRA,MF,23,33,28,2091,3,2,1165,85.3,0,0,0.06,0.1,3,0
E0,12/1/2021,20:15,Burnley,Burnley,Man United,0,1,A,K Friend,11,13,0,7,15,13,3,4,1,2,0,0,Sergio Reguilón,Tottenham Hotspur,ESP,DF,23,27,26,2244,0,3,1393,77.2,0,0,0.06,0.07,5,0
E0,12/1/2021,20:15,Wolverhampton,Wolves,Everton,1,2,A,M Atkinson,12,5,3,3,6,11,6,5,2,2,0,0,Toby Alderweireld,Tottenham Hotspur,BEL,DF,31,25,25,2240,1,0,1366,83.7,0,0,0.03,0.01,2,0
E0,13/01/2021,18:00,Manchester,Man City,Brighton,1,0,H,D England,16,5,6,1,4,12,8,4,0,2,0,0,Serge Aurier,Tottenham Hotspur,CIV,DF,27,19,19,1605,2,3,954,80.6,0,0,0.08,0.11,0,0
E0,13/01/2021,20:15,London,Tottenham,Fulham,1,1,D,P Tierney,15,15,6,4,13,15,6,5,1,2,0,0,Davinson Sánchez,Tottenham Hotspur,COL,DF,24,18,17,1486,0,0,977,86.9,0,0,0.07,0,1,0
E0,14/01/2021,20:00,London,Arsenal,Crystal Palace,0,0,D,A Marriner,11,12,4,2,10,11,7,3,1,1,0,0,Moussa Sissoko,Tottenham Hotspur,FRA,MF,30,25,15,1585,0,0,792,84.1,0,0,0.02,0.03,3,0
E0,16/01/2021,12:30,Wolverhampton,Wolves,West Brom,2,3,A,M Oliver,23,12,6,5,10,14,11,0,2,1,0,0,Lucas Moura,Tottenham Hotspur,BRA,"FW,MF",27,30,14,1411,3,4,600,74.7,0,0,0.14,0.14,1,0
E0,16/01/2021,15:00,West Yorkshire,Leeds,Brighton,0,1,A,K Friend,7,7,2,2,8,9,5,2,1,1,0,0,Ben Davies,Tottenham Hotspur,WAL,DF,27,20,14,1346,0,1,783,77.9,0,0,0.01,0.04,1,0
E0,16/01/2021,15:00,London,West Ham,Burnley,1,0,H,C Kavanagh,15,10,4,2,12,9,7,4,2,1,0,0,Matt Doherty,Tottenham Hotspur,IRL,DF,28,17,13,1240,0,2,826,80.6,0,0,0.03,0.06,4,1
E0,16/01/2021,17:30,London,Fulham,Chelsea,0,1,A,P Bankes,10,21,3,6,11,10,1,12,2,3,1,0,Steven Bergwijn,Tottenham Hotspur,NED,"FW,MF",22,21,13,1208,1,3,428,81.1,0,0,0.18,0.09,3,0
E0,16/01/2021,20:00,Leicester,Leicester,Southampton,2,0,H,S Attwell,16,8,5,3,10,11,2,5,2,2,0,0,Giovani Lo Celso,Tottenham Hotspur,ARG,MF,24,18,11,945,1,1,589,78.9,0,0,0.11,0.12,5,0
E0,17/01/2021,14:00,Sheffield,Sheffield United,Tottenham,1,3,A,A Marriner,15,14,5,5,13,4,5,7,4,0,0,0,Gareth Bale,Tottenham Hotspur,WAL,FW,31,20,10,920,11,2,408,69.6,0,0,0.52,0.19,1,0
E0,17/01/2021,16:30,Liverpool,Liverpool,Man United,0,0,D,P Tierney,17,8,3,4,15,6,7,3,2,1,0,0,Harry Winks,Tottenham Hotspur,ENG,MF,24,15,9,861,0,0,658,84.2,0,0,0.01,0.03,5,0
E0,17/01/2021,19:15,Manchester,Man City,Crystal Palace,4,0,H,L Mason,13,2,6,0,9,8,11,1,0,0,0,0,Joe Rodon,Tottenham Hotspur,WAL,DF,22,12,8,733,0,0,411,88.8,0,0,0,0,0,0
E0,18/01/2021,20:00,London,Arsenal,Newcastle,3,0,H,D Coote,20,4,6,1,9,8,7,2,0,0,0,0,Dele Alli,Tottenham Hotspur,ENG,MF,24,15,7,620,0,1,337,80.1,0,0,0.2,0.13,0,0
E0,19/01/2021,18:00,London,West Ham,West Brom,2,1,H,G Scott,14,6,6,2,10,10,3,1,0,1,0,0,Japhet Tanganga,Tottenham Hotspur,ENG,DF,21,6,6,487,0,0,229,84.3,0,0,0.04,0,2,0
E0,19/01/2021,20:15,Leicester,Leicester,Chelsea,2,0,H,C Pawson,8,9,6,5,7,16,6,3,1,3,0,0,Érik Lamela,Tottenham Hotspur,ARG,"FW,MF",28,23,5,717,1,0,368,78.5,0,0,0.18,0.12,6,1
E0,20/01/2021,18:00,Manchester,Man City,Aston Villa,2,0,H,J Moss,28,11,9,4,10,9,16,2,0,2,0,0,Carlos Vinícius,Tottenham Hotspur,BRA,FW,25,9,3,308,1,0,44,56.8,0,0,0.4,0.03,2,0
E0,20/01/2021,20:15,London,Fulham,Man United,1,2,A,M Atkinson,12,15,5,5,6,10,2,8,3,1,0,0,Dane Scarlett,Tottenham Hotspur,ENG,FW,16,1,0,1,0,0,0,-1,0,0,0,0,0,0
E0,21/01/2021,20:00,Liverpool,Liverpool,Burnley,0,1,A,M Dean,27,6,6,4,11,8,12,0,2,1,0,0,Bernd Leno,Arsenal,GER,GK,28,35,35,3131,0,0,1156,79.8,0,0,0,0,0,1
E0,23/01/2021,20:00,Birmingham,Aston Villa,Newcastle,2,0,H,S Hooper,14,7,5,1,9,18,5,4,0,3,0,0,Bukayo Saka,Arsenal,ENG,"FW,DF",18,32,30,2553,5,3,1155,74.9,0,0,0.24,0.17,1,0
E0,26/01/2021,18:00,London,Crystal Palace,West Ham,2,3,A,S Attwell,6,17,3,7,9,8,3,4,0,0,0,0,Granit Xhaka,Arsenal,SUI,"MF,DF",27,31,29,2522,1,2,2164,89.9,0,0,0.03,0.06,7,1
E0,26/01/2021,18:00,Newcastle,Newcastle,Leeds,1,2,A,A Taylor,22,9,5,2,10,15,9,5,1,3,0,0,Rob Holding,Arsenal,ENG,DF,24,30,28,2558,0,1,1768,89.3,0,0,0.04,0.01,2,0
E0,26/01/2021,20:15,Hampshire,Southampton,Arsenal,1,3,A,K Friend,13,9,5,5,11,6,4,5,1,2,0,0,Pierre-Emerick Aubameyang,Arsenal,GAB,FW,31,29,26,2332,10,3,691,75,2,2,0.41,0.11,2,0
E0,26/01/2021,20:15,West Bromwich,West Brom,Man City,0,5,A,C Kavanagh,4,18,1,7,8,8,3,8,2,0,0,0,Kieran Tierney,Arsenal,SCO,DF,23,27,26,2299,1,3,1490,76.2,0,0,0.02,0.16,4,0
E0,27/01/2021,18:00,Burnley,Burnley,Aston Villa,3,2,H,P Tierney,10,18,5,10,16,7,2,4,1,0,0,0,Héctor Bellerín,Arsenal,ESP,DF,25,25,24,2089,1,2,1302,82.9,0,0,0.04,0.1,8,0
E0,27/01/2021,18:00,London,Chelsea,Wolves,0,0,D,A Madley,14,4,5,0,14,7,13,1,1,1,0,0,Gabriel Dos Santos,Arsenal,BRA,DF,22,23,22,1996,2,0,1492,86,0,0,0.05,0,4,1
E0,27/01/2021,19:30,East Sussex,Brighton,Fulham,0,0,D,C Pawson,16,10,5,3,10,14,10,0,2,1,0,0,Alexandre Lacazette,Arsenal,FRA,FW,29,31,22,1923,13,2,524,78.2,3,3,0.46,0.13,3,0
E0,27/01/2021,20:15,Liverpool,Everton,Leicester,1,1,D,M Dean,8,19,2,6,12,10,5,11,1,1,0,0,Thomas Partey,Arsenal,GHA,MF,27,24,18,1534,0,2,1112,86.9,0,0,0.08,0.06,5,0
E0,27/01/2021,20:15,Manchester,Man United,Sheffield United,1,2,A,P Bankes,16,5,4,3,10,12,7,2,1,1,0,0,Emile Smith-Rowe,Arsenal,ENG,"MF,FW",20,20,18,1440,2,4,724,87.7,0,0,0.13,0.18,0,0
E0,28/01/2021,20:00,London,Tottenham,Liverpool,1,3,A,M Atkinson,3,14,2,7,9,11,1,2,1,2,0,0,Dani Ceballos,Arsenal,ESP,MF,23,25,17,1615,0,3,1286,86.5,0,0,0.04,0.16,4,0
E0,30/01/2021,12:30,Liverpool,Everton,Newcastle,0,2,A,S Attwell,11,13,3,3,13,6,7,12,3,4,0,0,Mohamed Elneny,Arsenal,EGY,MF,28,23,17,1544,1,0,1003,93.4,0,0,0.03,0.01,3,0
E0,30/01/2021,15:00,London,Crystal Palace,Wolves,1,0,H,S Hooper,11,6,2,4,7,10,1,6,1,2,0,0,David Luiz,Arsenal,BRA,DF,33,20,17,1396,1,0,965,83.6,0,0,0.06,0.03,1,1
E0,30/01/2021,15:00,Manchester,Man City,Sheffield United,1,0,H,D Coote,10,4,5,1,7,10,10,0,0,3,0,0,Nicolas Pépé,Arsenal,CIV,FW,25,29,16,1616,10,1,674,75.7,1,1,0.39,0.05,1,1
E0,30/01/2021,15:00,West Bromwich,West Brom,Fulham,2,2,D,A Taylor,5,12,3,7,9,10,2,3,1,0,0,0,Willian,Arsenal,BRA,"FW,MF",31,25,16,1406,1,5,787,79.3,0,0,0.13,0.16,0,0
E0,30/01/2021,17:30,London,Arsenal,Man United,0,0,D,M Oliver,17,14,3,3,9,16,4,7,1,3,0,0,Pablo Marí,Arsenal,ESP,DF,26,10,10,900,0,0,592,90.7,0,0,0,0,2,0
E0,30/01/2021,20:00,Hampshire,Southampton,Aston Villa,0,1,A,L Mason,20,8,5,4,12,11,7,1,1,0,0,0,Martin Ødegaard,Arsenal,NOR,MF,21,14,9,866,1,2,521,86.4,0,0,0.11,0.22,0,0
E0,31/01/2021,12:00,London,Chelsea,Burnley,2,0,H,G Scott,19,1,8,0,7,9,4,2,0,1,0,0,Calum Chambers,Arsenal,ENG,DF,25,10,8,753,0,2,575,80.3,0,0,0.07,0.14,0,0
E0,31/01/2021,14:00,Leicester,Leicester,Leeds,1,3,A,C Kavanagh,18,8,8,7,17,16,6,4,0,3,0,0,Cédric Soares,Arsenal,POR,DF,28,10,8,746,0,1,463,75.8,0,0,0.03,0.11,1,0
E0,31/01/2021,16:30,London,West Ham,Liverpool,1,3,A,J Moss,8,14,2,5,7,8,6,5,2,0,0,0,Martinelli,Arsenal,BRA,FW,19,14,7,589,2,1,159,79.2,0,0,0.53,0.32,0,0
E0,31/01/2021,19:15,East Sussex,Brighton,Tottenham,1,0,H,P Bankes,16,8,5,4,11,11,9,2,2,1,0,0,Ainsley Maitland-Niles,Arsenal,ENG,DF,22,11,5,490,0,0,288,78.5,0,0,0.02,0.04,0,0
E0,2/2/2021,18:00,Sheffield,Sheffield United,West Brom,2,1,H,P Tierney,14,8,6,4,11,9,9,2,2,1,0,0,Eddie Nketiah,Arsenal,ENG,FW,21,17,4,423,2,1,89,82,0,0,0.52,0.18,0,0
E0,2/2/2021,18:00,Wolverhampton,Wolves,Arsenal,2,1,H,C Pawson,11,9,7,3,11,8,9,6,3,2,0,2,Mathew Ryan,Arsenal,AUS,GK,28,3,3,270,0,0,67,92.5,0,0,0,0,0,0
E0,2/2/2021,20:15,Manchester,Man United,Southampton,9,0,H,M Dean,24,3,14,1,11,6,5,3,2,3,0,2,Joe Willock,Arsenal,ENG,MF,20,7,2,238,0,0,91,75.8,0,0,0.17,0.02,1,0
E0,2/2/2021,20:15,Newcastle,Newcastle,Crystal Palace,1,2,A,D England,21,6,5,3,14,11,9,1,1,3,0,0,Sead Kolašinac,Arsenal,BIH,DF,27,1,1,90,0,0,64,84.4,0,0,0,0,0,0
E0,3/2/2021,18:00,Burnley,Burnley,Man City,0,2,A,M Atkinson,2,17,0,6,8,5,1,3,2,1,0,0,Reiss Nelson,Arsenal,ENG,FW,20,2,0,71,0,0,30,56.7,0,0,0.06,0,0,0
E0,3/2/2021,18:00,London,Fulham,Leicester,0,2,A,R Jones,8,9,1,5,17,10,5,2,3,1,0,0,Shkodran Mustafi,Arsenal,GER,DF,28,3,0,47,0,0,48,85.4,0,0,0,0,0,0
E0,3/2/2021,19:30,West Yorkshire,Leeds,Everton,1,2,A,M Oliver,16,10,7,6,12,12,7,1,2,3,0,0,Rúnar Alex Rúnarsson,Arsenal,ISL,GK,25,1,0,16,0,0,11,63.6,0,0,0,0,0,0
E0,3/2/2021,20:15,Birmingham,Aston Villa,West Ham,1,3,A,A Madley,9,20,2,10,11,15,7,3,1,1,0,0,Stuart Dallas,Leeds United,NIR,"DF,MF",29,38,38,3409,8,2,2212,82,0,0,0.12,0.05,7,0
E0,3/2/2021,20:15,Liverpool,Liverpool,Brighton,0,1,A,K Friend,11,13,1,4,12,6,6,3,1,0,0,0,Luke Ayling,Leeds United,ENG,DF,28,38,38,3399,0,0,2661,79.3,0,0,0.04,0.07,7,0
E0,4/2/2021,20:00,London,Tottenham,Chelsea,0,1,A,A Marriner,7,18,2,2,20,14,2,7,2,3,0,0,Patrick Bamford,Leeds United,ENG,FW,26,38,37,3050,17,7,506,76.3,2,2,0.51,0.12,3,0
E0,6/2/2021,12:30,Birmingham,Aston Villa,Arsenal,1,0,H,C Kavanagh,12,14,8,3,12,12,3,7,3,2,0,0,Illan Meslier,Leeds United,FRA,GK,20,35,35,3150,0,0,1348,80.9,0,0,0,0,0,0
E0,6/2/2021,15:00,Burnley,Burnley,Brighton,1,1,D,A Taylor,20,10,7,2,8,10,8,7,2,0,0,0,Jack Harrison,Leeds United,ENG,MF,23,36,34,2847,8,8,1162,67.8,0,0,0.21,0.22,2,0
E0,6/2/2021,15:00,Newcastle,Newcastle,Southampton,3,2,H,C Pawson,6,14,4,5,11,14,0,7,2,1,1,0,Ezgjan Alioski,Leeds United,MKD,DF,28,36,29,2461,2,3,1630,80.1,0,0,0.05,0.11,7,0
E0,6/2/2021,17:30,London,Fulham,West Ham,0,0,D,M Dean,20,8,2,1,11,10,7,3,1,2,0,1,Kalvin Phillips,Leeds United,ENG,MF,24,29,28,2428,1,2,1462,82.8,0,0,0.01,0.14,10,0
E0,6/2/2021,20:00,Manchester,Man United,Everton,3,3,D,J Moss,14,6,5,3,14,10,5,1,2,1,0,0,Mateusz Klich,Leeds United,POL,MF,30,35,28,2393,4,5,1495,79.3,2,2,0.13,0.15,6,0
E0,7/2/2021,12:00,London,Tottenham,West Brom,2,0,H,S Attwell,13,4,6,1,16,12,8,0,1,2,0,0,Raphael Dias Belloli,Leeds United,BRA,MF,23,30,26,2360,6,9,1057,66.7,0,0,0.23,0.31,3,0
E0,7/2/2021,14:00,Wolverhampton,Wolves,Leicester,0,0,D,M Atkinson,13,13,1,3,11,15,8,2,1,3,0,0,Liam Cooper,Leeds United,SCO,DF,28,25,25,2185,1,0,1555,87.7,0,0,0.05,0,4,1
E0,7/2/2021,16:30,Liverpool,Liverpool,Man City,1,4,A,M Oliver,8,8,3,5,13,8,6,1,2,1,0,0,Pascal Struijk,Leeds United,NED,"DF,MF",20,27,22,2075,1,0,1259,87.1,0,0,0.1,0.01,3,0
E0,7/2/2021,19:15,Sheffield,Sheffield United,Chelsea,1,2,A,K Friend,8,9,3,3,8,8,1,8,1,0,0,0,Tyler Roberts,Leeds United,WAL,"MF,FW",21,27,14,1340,1,2,467,72.2,0,0,0.14,0.12,3,0
E0,8/2/2021,20:00,West Yorkshire,Leeds,Crystal Palace,2,0,H,A Marriner,17,8,7,3,7,8,5,3,0,2,0,0,Rodrigo,Leeds United,ESP,"MF,FW",29,26,14,1288,7,2,573,75.4,0,0,0.44,0.17,3,0
E0,13/02/2021,12:30,Leicester,Leicester,Liverpool,3,1,H,A Taylor,11,15,6,4,9,6,2,12,1,2,0,0,Diego Llorente,Leeds United,ESP,DF,26,15,14,1204,1,0,665,85.4,0,0,0.06,0.05,1,0
E0,13/02/2021,15:00,London,Crystal Palace,Burnley,0,3,A,M Oliver,13,16,3,4,15,14,7,4,0,0,0,0,Hélder Costa,Leeds United,POR,"MF,FW",26,22,13,1156,3,3,328,73.8,0,0,0.16,0.07,0,0
E0,13/02/2021,17:30,Manchester,Man City,Tottenham,3,0,H,P Tierney,15,7,6,3,12,13,4,2,1,3,0,0,Robin Koch,Leeds United,GER,"DF,MF",24,17,13,1132,0,0,757,85.6,0,0,0.06,0.01,1,0
E0,13/02/2021,20:00,East Sussex,Brighton,Aston Villa,0,0,D,D England,26,4,9,1,16,12,9,2,2,3,0,0,Jamie Shackleton,Leeds United,ENG,"MF,DF",20,13,3,461,0,0,206,88.3,0,0,0,0.05,0,0
E0,14/02/2021,12:00,Hampshire,Southampton,Wolves,1,2,A,G Scott,7,10,3,4,10,9,4,6,2,2,0,0,Pablo Hernández,Leeds United,ESP,MF,35,16,3,427,0,2,391,74.2,0,0,0.25,0.14,1,0
E0,14/02/2021,14:00,West Bromwich,West Brom,Man United,1,1,D,C Pawson,7,10,3,7,13,10,4,5,5,0,0,0,Kiko Casilla,Leeds United,ESP,GK,33,3,3,270,0,0,94,87.2,0,0,0,0,0,0
E0,14/02/2021,16:30,London,Arsenal,Leeds,4,2,H,S Attwell,13,9,5,5,8,17,4,5,0,2,0,0,Gaetano Berardi,Leeds United,SUI,DF,31,2,1,113,0,0,56,82.1,0,0,0.03,0,0,0
E0,14/02/2021,19:00,Liverpool,Everton,Fulham,0,2,A,A Madley,7,12,2,3,7,16,5,4,1,1,0,0,Ian Carlo Poveda,Leeds United,ENG,"MF,DF",20,14,0,355,0,0,117,73.5,0,0,0.09,0.21,0,0
E0,15/02/2021,18:00,London,West Ham,Sheffield United,3,0,H,S Hooper,13,8,9,5,11,12,7,7,0,2,0,0,Niall Huggins,Leeds United,WAL,DF,19,1,0,38,0,0,23,73.9,0,0,0,0,0,0
E0,15/02/2021,20:00,London,Chelsea,Newcastle,2,0,H,P Bankes,18,10,5,4,9,13,10,5,0,0,0,0,Leif Davis,Leeds United,ENG,DF,20,2,0,33,0,0,19,84.2,0,0,0,0,0,0
E0,17/02/2021,18:00,Burnley,Burnley,Fulham,1,1,D,J Moss,8,8,3,3,7,13,5,5,1,1,0,0,Michael Keane,Everton,ENG,DF,27,35,33,2991,3,1,1835,88.9,0,0,0.04,0.03,4,0
E0,17/02/2021,20:15,Liverpool,Everton,Man City,1,3,A,A Marriner,3,16,2,7,8,8,0,10,2,1,0,0,Richarlison,Everton,BRA,FW,23,34,33,2861,7,3,772,69.2,1,1,0.36,0.1,4,1
E0,19/02/2021,20:00,Wolverhampton,Wolves,Leeds,1,0,H,D Coote,15,18,5,7,13,8,7,9,1,0,0,0,Dominic Calvert-Lewin,Everton,ENG,FW,23,33,32,2871,16,0,669,71.6,0,0,0.48,0.06,3,0
E0,20/02/2021,12:30,Hampshire,Southampton,Chelsea,1,1,D,A Taylor,4,9,1,3,10,10,3,6,1,1,0,0,Jordan Pickford,Everton,ENG,GK,26,31,31,2742,0,0,1152,66.1,0,0,0,0,1,0
E0,20/02/2021,15:00,Burnley,Burnley,West Brom,0,0,D,M Dean,6,10,1,3,16,10,5,5,3,0,0,1,Lucas Digne,Everton,FRA,DF,27,30,30,2681,0,7,1690,72.5,0,0,0.02,0.18,2,1
E0,20/02/2021,17:30,Liverpool,Liverpool,Everton,0,2,A,C Kavanagh,15,9,6,6,10,10,7,2,2,1,0,0,Ben Godfrey,Everton,ENG,DF,22,31,29,2685,0,2,1302,84.6,0,0,0.03,0.02,4,0
E0,20/02/2021,20:00,London,Fulham,Sheffield United,1,0,H,M Atkinson,15,4,7,2,11,14,6,4,1,2,0,0,Abdoulaye Doucouré,Everton,FRA,MF,27,29,29,2443,2,3,1332,86,0,0,0.08,0.08,6,0
E0,21/02/2021,12:00,London,West Ham,Tottenham,2,1,H,C Pawson,4,20,4,4,14,7,5,7,4,3,0,0,Mason Holgate,Everton,ENG,DF,23,28,26,2287,1,0,1200,78.8,0,0,0.03,0.03,9,0
E0,21/02/2021,14:05,Birmingham,Aston Villa,Leicester,1,2,A,M Oliver,11,16,2,7,11,12,7,8,2,1,0,0,Gylfi Sigurðsson,Everton,ISL,MF,30,36,24,2253,6,5,947,79.1,3,4,0.27,0.19,2,0
E0,21/02/2021,16:30,London,Arsenal,Man City,0,1,A,J Moss,7,15,1,3,11,9,1,3,2,2,0,0,Allan,Everton,BRA,MF,29,24,23,2051,0,0,1048,85.8,0,0,0.01,0.04,6,0
E0,21/02/2021,19:00,Manchester,Man United,Newcastle,3,1,H,P Tierney,15,10,7,6,9,11,6,4,1,2,0,0,Yerry Mina,Everton,COL,DF,25,24,23,1937,2,0,1227,90.9,0,0,0.06,0,2,0
E0,22/02/2021,20:00,East Sussex,Brighton,Crystal Palace,1,2,A,K Friend,25,3,5,2,11,6,13,0,2,0,0,0,James Rodríguez,Everton,COL,"FW,MF",29,23,21,1764,6,4,1111,79.1,0,0,0.17,0.28,4,0
E0,23/02/2021,18:00,West Yorkshire,Leeds,Southampton,3,0,H,A Marriner,11,13,7,5,11,13,2,4,1,2,0,0,Séamus Coleman,Everton,IRL,"DF,MF",31,25,18,1613,0,3,766,81.5,0,0,0.06,0.11,0,0
E0,27/02/2021,12:30,Manchester,Man City,West Ham,2,1,H,M Oliver,10,9,3,3,8,11,4,2,1,1,0,0,André Gomes,Everton,POR,MF,27,28,17,1570,0,1,901,83.2,0,0,0.03,0.05,3,0
E0,27/02/2021,15:00,West Bromwich,West Brom,Brighton,1,0,H,L Mason,6,15,2,6,11,12,7,4,0,0,0,0,Alex Iwobi,Everton,NGA,"FW,DF",24,30,17,1542,1,2,688,77,0,0,0.06,0.11,0,0
E0,27/02/2021,17:30,West Yorkshire,Leeds,Aston Villa,0,1,A,P Bankes,13,9,3,4,14,14,7,5,3,2,0,0,Tom Davies,Everton,ENG,MF,22,25,17,1423,0,1,684,83.8,0,0,0.01,0.06,3,0
E0,27/02/2021,20:00,Newcastle,Newcastle,Wolves,1,1,D,M Dean,19,14,7,4,11,13,3,5,2,0,0,0,Robin Olsen,Everton,SWE,GK,30,7,7,630,0,0,199,71.4,0,0,0,0,1,0
E0,28/02/2021,12:00,London,Crystal Palace,Fulham,0,0,D,A Taylor,3,16,0,4,10,14,1,3,1,1,0,0,Bernard,Everton,BRA,"MF,FW",27,12,3,455,1,0,272,79.4,0,0,0.04,0.13,2,0
E0,28/02/2021,12:00,Leicester,Leicester,Arsenal,1,3,A,P Tierney,8,12,3,4,15,3,2,7,2,1,0,0,Fabian Delph,Everton,ENG,"MF,DF",30,8,2,266,0,0,234,88,0,0,0.01,0.03,1,0
E0,28/02/2021,14:00,London,Tottenham,Burnley,4,0,H,K Friend,16,10,7,3,6,10,3,4,0,0,0,0,Anthony Gordon,Everton,ENG,"FW,MF",19,3,1,88,0,0,26,84.6,0,0,0,0.03,0,0
E0,28/02/2021,16:30,London,Chelsea,Man United,0,0,D,S Attwell,18,11,6,4,11,12,3,4,1,2,0,0,Niels Nkounkou,Everton,FRA,"DF,FW",19,2,1,81,0,0,34,79.4,0,0,0.02,0,1,0
E0,28/02/2021,19:15,Sheffield,Sheffield United,Liverpool,0,2,A,J Moss,8,16,2,8,9,9,4,3,0,0,0,0,Jonjoe Kenny,Everton,ENG,DF,23,4,1,79,0,0,61,77,0,0,0,0,0,0
E0,1/3/2021,20:00,Liverpool,Everton,Southampton,1,0,H,M Atkinson,7,9,1,1,13,9,4,10,0,2,0,0,Joshua King,Everton,NOR,"MF,FW",28,11,0,148,0,0,48,70.8,0,0,0.48,0,0,0
E0,2/3/2021,20:00,Manchester,Man City,Wolves,4,1,H,C Kavanagh,22,6,10,1,9,5,10,2,0,1,0,0,Cenk Tosun,Everton,TUR,FW,29,5,0,48,0,0,10,80,0,0,0,0.25,1,0
E0,3/3/2021,18:00,Burnley,Burnley,Leicester,1,1,D,A Madley,12,15,7,4,6,12,5,8,0,2,0,0,João Virgínia,Everton,POR,GK,20,1,0,48,0,0,17,52.9,0,0,0,0,0,0
E0,3/3/2021,18:00,Sheffield,Sheffield United,Aston Villa,1,0,H,R Jones,9,16,2,4,13,6,2,7,1,0,1,0,Moise Kean,Everton,ITA,FW,20,2,0,15,0,0,9,77.8,0,0,0.21,0,0,0
E0,3/3/2021,20:15,London,Crystal Palace,Man United,0,0,D,A Marriner,8,11,2,1,4,13,4,6,1,0,0,0,Theo Walcott,Everton,ENG,FW,31,1,0,13,0,0,1,100,0,0,0,0,0,0
E0,4/3/2021,18:00,London,Fulham,Tottenham,0,1,A,D Coote,11,9,3,2,13,9,4,1,2,1,0,0,Jean-Philippe Gbamin,Everton,CIV,MF,24,1,0,12,0,0,9,66.7,0,0,0,0,0,0
E0,4/3/2021,18:00,West Bromwich,West Brom,Everton,0,1,A,D England,11,11,3,3,9,7,3,3,3,1,0,0,Nathan Broadhead,Everton,WAL,MF,22,1,0,3,0,0,2,100,0,0,0,0,0,0
E0,4/3/2021,20:15,Liverpool,Liverpool,Chelsea,0,1,A,M Atkinson,7,11,1,5,9,8,5,2,0,0,0,0,Emiliano Martínez,Aston Villa,ARG,GK,27,38,38,3420,0,0,1295,65.6,0,0,0,0.01,1,0
E0,6/3/2021,12:30,Burnley,Burnley,Arsenal,1,1,D,A Marriner,9,15,5,3,5,12,2,4,1,1,0,0,Matt Targett,Aston Villa,ENG,DF,24,38,38,3404,0,2,2147,77,0,0,0.01,0.08,7,0
E0,6/3/2021,15:00,Sheffield,Sheffield United,Southampton,0,2,A,P Tierney,8,15,2,5,17,11,7,3,4,3,0,0,John McGinn,Aston Villa,SCO,MF,25,37,37,3330,3,5,1398,77.3,0,0,0.06,0.08,12,0
E0,6/3/2021,17:30,Birmingham,Aston Villa,Wolves,0,0,D,A Madley,9,10,1,2,13,13,5,3,1,0,0,0,Ollie Watkins,Aston Villa,ENG,FW,24,37,37,3328,14,5,832,72.8,1,2,0.43,0.11,4,1
E0,6/3/2021,20:00,East Sussex,Brighton,Leicester,1,2,A,M Oliver,7,8,2,4,14,8,6,6,0,1,0,0,Tyrone Mings,Aston Villa,ENG,DF,27,36,36,3194,2,2,1585,79.6,0,0,0.05,0.02,6,1
E0,7/3/2021,12:00,West Bromwich,West Brom,Newcastle,0,0,D,M Atkinson,13,9,3,5,11,10,9,7,0,0,0,0,Ezri Konsa,Aston Villa,ENG,DF,22,36,35,3196,2,0,1244,86.5,0,0,0.06,0.01,3,0
E0,7/3/2021,14:00,Liverpool,Liverpool,Fulham,0,1,A,K Friend,16,10,3,3,10,8,9,4,2,3,0,0,Douglas Luiz,Aston Villa,BRA,MF,22,33,32,2781,0,2,1431,84.8,0,0,0.05,0.05,10,1
E0,7/3/2021,16:30,Manchester,Man City,Man United,0,2,A,A Taylor,23,8,6,6,9,12,6,2,0,3,0,0,Bertrand Traoré,Aston Villa,BFA,FW,24,36,29,2317,7,6,796,71.2,0,0,0.25,0.13,1,0
E0,7/3/2021,19:15,London,Tottenham,Crystal Palace,4,1,H,S Attwell,12,5,5,1,8,17,1,5,2,3,0,0,Matty Cash,Aston Villa,ENG,DF,22,28,28,2372,0,2,1298,73.9,0,0,0.01,0.08,8,1
E0,8/3/2021,18:00,London,Chelsea,Everton,2,0,H,D Coote,19,7,9,1,11,12,7,3,0,3,0,0,Jack Grealish,Aston Villa,ENG,"FW,MF",24,26,24,2185,6,10,1100,78.5,0,0,0.18,0.35,6,0
E0,8/3/2021,20:00,London,West Ham,Leeds,2,0,H,M Dean,16,17,5,2,9,9,6,6,1,1,0,0,Ross Barkley,Aston Villa,ENG,MF,26,24,18,1531,3,1,764,81,0,0,0.19,0.21,0,0
E0,10/3/2021,18:00,Manchester,Man City,Southampton,5,2,H,J Moss,17,11,10,6,6,4,5,5,1,0,0,0,Anwar El Ghazi,Aston Villa,NED,FW,25,28,17,1613,10,0,613,70.5,4,4,0.45,0.13,2,0
E0,12/3/2021,20:00,Newcastle,Newcastle,Aston Villa,1,1,D,P Tierney,12,15,3,6,10,10,2,2,2,3,0,0,Trézéguet,Aston Villa,EGY,FW,25,21,12,1166,2,1,328,69.5,0,0,0.29,0.15,0,0
E0,13/03/2021,12:30,West Yorkshire,Leeds,Chelsea,0,0,D,K Friend,7,15,4,8,16,6,8,5,3,0,0,0,Marvelous Nakamba,Aston Villa,ZIM,MF,26,13,9,749,0,0,273,85.7,0,0,0,0,3,0
E0,13/03/2021,15:00,London,Crystal Palace,West Brom,1,0,H,S Hooper,6,12,4,1,16,15,3,2,3,1,0,0,Ahmed Elmohamady,Aston Villa,EGY,DF,32,14,8,839,0,0,594,78.1,0,0,0.05,0.07,2,0
E0,13/03/2021,17:30,Liverpool,Everton,Burnley,1,2,A,J Moss,14,14,4,5,9,6,7,4,0,4,0,0,Kortney Hause,Aston Villa,ENG,DF,25,7,7,630,1,0,216,78.2,0,0,0.17,0,2,0
E0,13/03/2021,20:00,London,Fulham,Man City,0,3,A,A Marriner,3,8,0,7,14,13,4,2,0,0,0,0,Jacob Ramsey,Aston Villa,ENG,MF,19,22,6,626,0,0,220,85.5,0,0,0.07,0.04,0,0
E0,14/03/2021,12:00,Hampshire,Southampton,Brighton,1,2,A,S Attwell,9,8,4,6,11,10,4,5,0,0,0,0,Morgan Sanson,Aston Villa,FRA,MF,25,9,3,294,0,0,161,75.8,0,0,0.01,0.04,3,0
E0,14/03/2021,14:00,Leicester,Leicester,Sheffield United,5,0,H,P Bankes,19,1,10,0,10,9,9,1,0,2,0,0,Conor Hourihane,Aston Villa,IRL,MF,29,4,3,225,1,1,155,74.8,0,0,0.2,0.32,0,0
E0,14/03/2021,16:30,London,Arsenal,Tottenham,2,1,H,M Oliver,13,6,3,3,12,14,6,3,1,2,0,1,Keinan Davis,Aston Villa,ENG,"FW,MF",22,15,1,277,1,1,79,73.4,0,0,0.34,0.16,0,0
E0,14/03/2021,19:15,Manchester,Man United,West Ham,1,0,H,M Atkinson,15,7,4,0,12,2,6,3,4,0,0,0,Carney Chukwuemeka,Aston Villa,ENG,"FW,MF",16,2,0,20,0,0,8,62.5,0,0,0.29,0,0,0
E0,15/03/2021,20:00,Wolverhampton,Wolves,Liverpool,0,1,A,C Pawson,10,12,5,4,17,10,3,2,2,1,0,0,Wesley Moraes,Aston Villa,BRA,"MF,FW",23,3,0,18,0,0,4,100,0,0,0.12,0,0,0
E0,19/03/2021,20:00,London,Fulham,Leeds,1,2,A,D Coote,13,13,6,4,13,12,13,7,2,2,0,0,Neil Taylor,Aston Villa,WAL,DF,31,1,0,16,0,0,11,90.9,0,0,0,0,1,0
E0,20/03/2021,20:00,East Sussex,Brighton,Newcastle,3,0,H,A Taylor,11,3,6,1,12,5,3,1,0,1,0,0,Jaden Philogene Bidace,Aston Villa,ENG,FW,18,1,0,1,0,0,4,50,0,0,0,0,0,0
E0,21/03/2021,15:00,London,West Ham,Arsenal,3,3,D,J Moss,15,16,5,7,18,8,3,5,3,1,0,0,Jonjo Shelvey,Newcastle United,ENG,MF,28,30,29,2617,1,3,1417,73.8,0,0,0.08,0.09,7,0
E0,21/03/2021,19:30,Birmingham,Aston Villa,Tottenham,0,2,A,M Dean,8,9,1,3,18,13,5,8,3,2,0,0,Miguel Almirón,Newcastle United,PAR,"MF,FW",26,34,28,2429,4,1,877,81.1,0,0,0.12,0.1,3,0
E0,3/4/2021,12:30,London,Chelsea,West Brom,2,5,A,D Coote,18,14,8,7,11,6,10,3,1,1,1,0,Karl Darlow,Newcastle United,ENG,GK,29,25,25,2250,0,0,726,50.1,0,0,0,0,3,0
E0,3/4/2021,15:00,West Yorkshire,Leeds,Sheffield United,2,1,H,G Scott,23,9,8,1,12,13,5,7,1,2,0,0,Federico Fernández,Newcastle United,ARG,DF,31,24,24,2079,0,0,837,80.2,0,0,0.01,0.01,4,0
E0,3/4/2021,17:30,Leicester,Leicester,Man City,0,2,A,A Taylor,5,11,2,4,13,12,1,1,2,3,0,0,Callum Wilson,Newcastle United,ENG,FW,28,26,23,2084,12,5,366,69.7,4,4,0.49,0.1,2,0
E0,3/4/2021,20:00,London,Arsenal,Liverpool,0,3,A,S Attwell,3,16,2,7,10,10,1,2,1,1,0,0,Joelinton,Newcastle United,BRA,"FW,MF",23,31,23,1983,4,2,590,73.9,1,1,0.27,0.1,3,0
E0,4/4/2021,12:00,Hampshire,Southampton,Burnley,3,2,H,A Marriner,24,7,9,5,11,10,6,7,0,0,0,0,Isaac Hayden,Newcastle United,ENG,"MF,DF",25,24,22,1942,0,0,790,79.6,0,0,0.02,0.02,8,0
E0,4/4/2021,14:05,Newcastle,Newcastle,Tottenham,2,2,D,C Pawson,22,11,6,5,13,14,7,3,3,2,0,0,Ciaran Clark,Newcastle United,IRL,DF,30,22,21,1891,1,0,747,83,0,0,0.02,0,3,0
E0,4/4/2021,16:30,Birmingham,Aston Villa,Fulham,3,1,H,A Madley,14,15,4,7,14,20,4,4,1,2,0,0,Jamal Lewis,Newcastle United,NIR,DF,22,24,20,1837,0,1,833,76.2,0,0,0.01,0.08,4,0
E0,4/4/2021,19:30,Manchester,Man United,Brighton,2,1,H,M Dean,15,5,7,3,14,7,5,6,2,2,0,0,Jamaal Lascelles,Newcastle United,ENG,DF,26,19,19,1625,2,0,599,81.3,0,0,0.05,0,4,0
E0,5/4/2021,18:00,Liverpool,Everton,Crystal Palace,1,1,D,K Friend,15,13,7,6,10,10,3,4,2,0,0,0,Allan Saint-Maximin,Newcastle United,FRA,"FW,MF",23,25,19,1560,3,4,436,79.8,0,0,0.15,0.19,0,0
E0,5/4/2021,20:15,Wolverhampton,Wolves,West Ham,2,3,A,M Oliver,20,9,5,6,9,9,4,2,1,4,0,0,Jacob Murphy,Newcastle United,ENG,"DF,MF",25,26,17,1626,2,3,608,68.4,0,0,0.07,0.12,3,0
E0,9/4/2021,20:00,London,Fulham,Wolves,0,1,A,J Moss,14,7,3,3,11,8,3,4,0,0,0,0,Jeff Hendrick,Newcastle United,IRL,MF,28,22,17,1422,2,1,533,80.5,0,0,0.07,0.05,3,1
E0,10/4/2021,12:30,Manchester,Man City,Leeds,1,2,A,A Marriner,29,2,7,2,12,15,9,3,3,1,0,1,Sean Longstaff,Newcastle United,ENG,MF,22,22,15,1412,0,1,571,79,0,0,0.09,0.07,2,0
E0,10/4/2021,15:00,Liverpool,Liverpool,Aston Villa,2,1,H,P Tierney,23,9,10,5,16,11,7,0,2,4,0,0,Matt Ritchie,Newcastle United,SCO,"DF,MF",30,18,15,1350,0,2,607,67.7,0,0,0.03,0.1,2,0
E0,10/4/2021,17:30,London,Crystal Palace,Chelsea,1,4,A,M Oliver,1,23,1,10,7,12,0,8,1,0,0,0,Emil Krafth,Newcastle United,SWE,DF,25,16,14,1288,1,0,557,72.5,0,0,0.01,0.03,4,0
E0,11/4/2021,12:00,Burnley,Burnley,Newcastle,1,2,A,A Taylor,24,10,4,5,11,12,13,3,1,0,0,0,Paul Dummett,Newcastle United,WAL,DF,28,15,14,1255,1,0,534,76.8,0,0,0.02,0.04,2,0
E0,11/4/2021,14:05,London,West Ham,Leicester,3,2,H,M Dean,4,15,4,5,7,13,1,9,3,3,0,0,Fabian Schär,Newcastle United,SUI,DF,28,18,13,1246,1,0,583,77.7,1,1,0.08,0,4,1
E0,11/4/2021,16:30,London,Tottenham,Man United,1,3,A,C Kavanagh,12,12,3,7,11,15,7,5,1,5,0,0,Martin Dúbravka,Newcastle United,SVK,GK,31,13,13,1170,0,0,427,72.6,0,0,0,0,0,0
E0,11/4/2021,19:00,Sheffield,Sheffield United,Arsenal,0,3,A,P Bankes,7,14,2,5,9,6,2,4,1,1,0,0,Joe Willock,Newcastle United,ENG,MF,20,14,11,978,8,0,235,77,0,1,0.33,0.07,0,0
E0,12/4/2021,18:00,West Bromwich,West Brom,Southampton,3,0,H,S Hooper,15,14,6,4,12,11,5,10,0,1,0,0,Javier Manquillo,Newcastle United,ESP,DF,26,13,10,825,0,0,400,74,0,0,0,0.03,1,0
E0,12/4/2021,20:15,East Sussex,Brighton,Everton,0,0,D,D England,23,8,3,1,12,7,10,3,1,2,0,0,Ryan Fraser,Newcastle United,SCO,"FW,MF",26,18,9,928,0,2,369,65.9,0,0,0.09,0.2,2,1
E0,16/04/2021,20:00,Liverpool,Everton,Tottenham,2,2,D,M Oliver,18,12,7,3,8,8,6,3,1,1,0,0,DeAndre Yedlin,Newcastle United,USA,DF,27,6,5,436,0,0,172,64.5,0,0,0.01,0.02,0,0
E0,17/04/2021,12:30,Newcastle,Newcastle,West Ham,3,2,H,K Friend,16,16,8,6,9,7,3,8,2,0,0,1,Dwight Gayle,Newcastle United,ENG,"FW,MF",29,18,4,514,1,1,114,79.8,0,0,0.36,0.09,0,0
E0,17/04/2021,20:15,Wolverhampton,Wolves,Sheffield United,1,0,H,R Jones,10,8,5,2,8,15,3,3,1,2,0,0,Andy Carroll,Newcastle United,ENG,FW,31,18,4,392,1,0,141,63.1,0,0,0.27,0.02,1,0
E0,18/04/2021,13:30,London,Arsenal,Fulham,1,1,D,C Pawson,18,3,5,1,9,11,11,1,0,3,0,0,Matthew Longstaff,Newcastle United,ENG,MF,20,5,4,377,0,0,148,79.1,0,0,0,0.02,0,0
E0,18/04/2021,16:00,Manchester,Man United,Burnley,3,1,H,J Moss,17,10,9,3,9,12,8,3,1,2,0,0,Elliot Anderson,Newcastle United,SCO,MF,17,1,0,4,0,0,1,100,0,0,0,0,0,0
E0,19/04/2021,20:00,West Yorkshire,Leeds,Liverpool,1,1,D,A Taylor,12,17,5,7,17,15,10,8,2,1,0,0,Rui Patrício,Wolverhampton Wanderers,POR,GK,32,37,37,3329,0,0,801,66.7,0,0,0,0,1,0
E0,20/04/2021,20:00,London,Chelsea,Brighton,0,0,D,S Attwell,7,11,4,2,8,9,0,3,2,0,0,1,Conor Coady,Wolverhampton Wanderers,ENG,DF,27,37,37,3303,1,0,1789,88.1,0,0,0.03,0,5,0
E0,21/04/2021,18:00,London,Tottenham,Southampton,2,1,H,D Coote,12,10,3,5,10,14,5,5,2,1,0,0,Nélson Semedo,Wolverhampton Wanderers,POR,DF,26,34,34,2983,1,1,1892,81.4,0,0,0.06,0.03,5,0
E0,21/04/2021,20:15,Birmingham,Aston Villa,Man City,1,2,A,P Bankes,8,13,3,3,12,7,1,11,0,1,1,1,Rúben Neves,Wolverhampton Wanderers,POR,MF,23,36,31,2675,5,1,1937,84.3,3,3,0.17,0.07,8,0
E0,22/04/2021,20:00,Leicester,Leicester,West Brom,3,0,H,A Madley,17,4,7,1,13,12,7,3,0,2,0,0,Pedro Neto,Wolverhampton Wanderers,POR,"FW,MF",20,31,30,2550,5,6,1212,78.8,0,0,0.17,0.22,4,0
E0,23/04/2021,20:00,London,Arsenal,Everton,0,1,A,J Moss,14,8,3,1,13,10,7,3,1,3,0,0,Adama Traoré,Wolverhampton Wanderers,ESP,FW,24,37,28,2649,2,2,879,65.9,0,0,0.08,0.18,4,0
E0,24/04/2021,12:30,Liverpool,Liverpool,Newcastle,1,1,D,A Marriner,22,7,9,4,9,7,6,3,2,1,0,0,João Moutinho,Wolverhampton Wanderers,POR,MF,33,33,28,2528,1,1,1817,84.8,0,0,0.02,0.09,5,1
E0,24/04/2021,17:30,London,West Ham,Chelsea,0,1,A,C Kavanagh,9,17,2,6,9,11,4,2,0,4,1,0,Leander Dendoncker,Wolverhampton Wanderers,BEL,"MF,DF",25,33,28,2503,1,0,1162,87.9,0,0,0.12,0.03,4,0
E0,24/04/2021,20:00,Sheffield,Sheffield United,Brighton,1,0,H,K Friend,7,17,3,4,13,7,2,12,3,0,0,0,Romain Saïss,Wolverhampton Wanderers,MAR,DF,30,27,27,2407,3,0,1411,82,0,0,0.13,0.01,2,0
E0,25/04/2021,12:00,Wolverhampton,Wolves,Burnley,0,4,A,D England,12,14,2,7,8,9,8,5,1,2,0,0,Daniel Podence,Wolverhampton Wanderers,POR,"MF,FW",24,24,22,1661,3,2,636,75.2,0,0,0.17,0.1,3,0
E0,25/04/2021,14:00,West Yorkshire,Leeds,Man United,0,0,D,C Pawson,6,16,3,4,21,11,2,6,4,1,0,0,Willy Boly,Wolverhampton Wanderers,CIV,DF,29,21,21,1879,1,1,1003,82.8,0,0,0.05,0.02,2,0
E0,25/04/2021,19:00,Birmingham,Aston Villa,West Brom,2,2,D,S Attwell,24,10,11,4,14,9,11,4,0,2,0,0,Rayan Aït Nouri,Wolverhampton Wanderers,FRA,DF,19,21,16,1404,1,1,785,83.7,0,0,0.04,0.06,1,0
E0,26/04/2021,20:00,Leicester,Leicester,Crystal Palace,2,1,H,G Scott,13,4,5,2,13,12,7,2,0,1,0,0,Max Kilman,Wolverhampton Wanderers,ENG,DF,23,18,14,1310,0,1,731,88.6,0,0,0.03,0.04,4,0
E0,30/04/2021,20:00,Hampshire,Southampton,Leicester,1,1,D,R Jones,5,23,3,9,9,13,0,10,1,0,1,0,Willian José,Wolverhampton Wanderers,BRA,FW,28,17,12,1110,1,0,306,81.4,0,0,0.15,0.05,0,0
E0,1/5/2021,12:30,London,Crystal Palace,Man City,0,2,A,D Coote,9,20,4,3,9,10,2,6,2,0,0,0,Fábio Silva,Wolverhampton Wanderers,POR,FW,18,32,11,1369,4,3,305,74.4,1,1,0.4,0.04,2,0
E0,1/5/2021,15:00,East Sussex,Brighton,Leeds,2,0,H,C Kavanagh,17,11,5,2,17,6,2,9,1,1,0,0,Raúl Jiménez,Wolverhampton Wanderers,MEX,FW,29,10,10,823,4,0,263,78.7,0,0,0.26,0.08,0,0
E0,1/5/2021,17:30,London,Chelsea,Fulham,2,0,H,K Friend,9,10,5,3,15,8,1,8,1,1,0,0,Fernando Marçal,Wolverhampton Wanderers,BRA,DF,31,13,7,623,0,0,370,82.7,0,0,0.01,0.02,2,0
E0,1/5/2021,20:00,Liverpool,Everton,Aston Villa,1,2,A,S Hooper,16,13,3,5,10,13,3,6,0,2,0,0,Jonny Castro,Wolverhampton Wanderers,ESP,DF,26,7,7,495,0,0,239,78.7,0,0,0.01,0.03,0,0
E0,2/5/2021,14:00,Newcastle,Newcastle,Arsenal,0,2,A,M Dean,5,19,1,5,10,9,3,7,2,1,1,0,Ki-Jana Hoever,Wolverhampton Wanderers,NED,DF,18,12,5,577,0,0,350,74.3,0,0,0.01,0.03,1,0
E0,2/5/2021,19:15,London,Tottenham,Sheffield United,4,0,H,A Marriner,20,8,11,1,8,9,6,6,1,1,0,0,Vitinha,Wolverhampton Wanderers,POR,MF,20,19,5,520,0,1,329,87.8,0,0,0.1,0.12,0,0
E0,3/5/2021,18:00,West Bromwich,West Brom,Wolves,1,1,D,P Tierney,10,20,4,10,17,11,5,6,2,0,0,0,Morgan Gibbs-White,Wolverhampton Wanderers,ENG,"FW,MF",20,11,4,414,1,0,235,80.9,0,0,0.21,0.13,1,0
E0,3/5/2021,20:15,Burnley,Burnley,West Ham,1,2,A,A Taylor,8,22,3,4,4,8,5,4,2,1,0,0,Owen Otasowie,Wolverhampton Wanderers,USA,"MF,FW",19,6,2,187,0,1,64,70.3,0,0,0.27,0.07,1,0
E0,7/5/2021,20:00,Leicester,Leicester,Newcastle,2,4,A,D England,25,14,9,6,12,9,9,6,1,1,0,0,Rúben Vinagre,Wolverhampton Wanderers,POR,DF,21,2,1,173,0,0,98,83.7,0,0,0,0,0,0
E0,8/5/2021,12:30,West Yorkshire,Leeds,Tottenham,3,1,H,M Oliver,16,11,7,3,12,10,8,6,1,2,0,0,John Ruddy,Wolverhampton Wanderers,ENG,GK,33,2,1,91,0,0,24,79.2,0,0,0,0,0,0
E0,8/5/2021,15:00,Sheffield,Sheffield United,Crystal Palace,0,2,A,S Hooper,7,21,0,8,11,8,5,11,1,1,0,0,Patrick Cutrone,Wolverhampton Wanderers,ITA,"FW,MF",22,2,0,25,0,0,5,80,0,0,0.61,0,0,0
E0,8/5/2021,17:30,Manchester,Man City,Chelsea,1,2,A,A Taylor,16,12,4,5,12,10,6,2,2,0,0,0,Oskar Buur,Wolverhampton Wanderers,DEN,DF,22,1,0,22,0,0,15,93.3,0,0,0,0,0,0
E0,8/5/2021,20:15,Liverpool,Liverpool,Southampton,2,0,H,K Friend,14,12,6,6,10,6,8,4,0,1,0,0,Theo Corbeanu,Wolverhampton Wanderers,CAN,FW,18,1,0,9,0,0,3,100,0,0,0,0.9,0,0
E0,9/5/2021,12:00,Wolverhampton,Wolves,Brighton,2,1,H,J Moss,16,5,6,3,12,7,10,5,2,2,0,2,Vicente Guaita,Crystal Palace,ESP,GK,33,37,37,3330,0,0,1080,55.4,0,0,0,0,2,0
E0,9/5/2021,14:05,Birmingham,Aston Villa,Man United,1,3,A,C Kavanagh,11,18,5,7,13,18,5,6,1,1,1,0,Cheikhou Kouyaté,Crystal Palace,SEN,DF,30,36,35,3121,1,0,1216,78.8,0,0,0.02,0.01,4,0
E0,9/5/2021,16:30,London,West Ham,Everton,0,1,A,S Attwell,11,9,0,3,8,10,5,6,2,1,0,0,Wilfried Zaha,Crystal Palace,CIV,FW,27,30,29,2612,11,2,779,75.9,2,2,0.26,0.11,6,0
E0,9/5/2021,19:00,London,Arsenal,West Brom,3,1,H,P Bankes,15,12,7,1,7,9,6,6,1,2,0,0,Eberechi Eze,Crystal Palace,ENG,MF,22,34,29,2559,4,6,1158,79.3,0,0,0.08,0.1,3,0
E0,10/5/2021,20:00,London,Fulham,Burnley,0,2,A,D Coote,21,14,3,5,11,10,8,4,2,0,0,0,Luka Milivojević,Crystal Palace,SRB,MF,29,31,27,2359,1,1,1269,81.1,1,2,0.09,0.05,8,1
E0,11/5/2021,18:00,Manchester,Man United,Leicester,1,2,A,C Pawson,4,12,1,3,9,12,3,4,0,0,0,0,Andros Townsend,Crystal Palace,ENG,"MF,FW",29,34,25,2258,1,5,864,67.9,0,0,0.09,0.15,0,0
E0,11/5/2021,20:15,Hampshire,Southampton,Crystal Palace,3,1,H,A Madley,13,11,6,4,20,13,12,8,2,3,0,0,Joel Ward,Crystal Palace,ENG,DF,30,26,25,2256,0,1,1079,72.7,0,0,0,0.02,5,0
E0,12/5/2021,20:15,London,Chelsea,Arsenal,0,1,A,A Marriner,19,5,5,2,7,6,9,1,0,1,0,0,Jordan Ayew,Crystal Palace,GHA,"FW,MF",28,33,23,2096,1,3,654,78.6,0,0,0.1,0.03,4,0
E0,13/05/2021,18:00,Birmingham,Aston Villa,Everton,0,0,D,M Atkinson,13,15,2,5,9,12,9,1,2,0,0,0,Christian Benteke,Crystal Palace,BEL,FW,29,30,21,1816,10,1,574,63.8,0,0,0.4,0.05,3,1
E0,13/05/2021,20:15,Manchester,Man United,Liverpool,2,4,A,A Taylor,18,17,3,8,10,12,6,4,3,0,0,0,Gary Cahill,Crystal Palace,ENG,DF,34,20,20,1800,1,1,697,84.6,0,0,0.04,0.04,3,0
E0,14/05/2021,20:00,Newcastle,Newcastle,Man City,3,4,A,K Friend,11,15,5,6,11,10,4,5,2,2,0,0,Patrick van Aanholt,Crystal Palace,NED,DF,29,22,20,1777,0,1,1127,78.9,0,0,0.06,0.04,2,0
E0,15/05/2021,12:30,Burnley,Burnley,Leeds,0,4,A,G Scott,16,16,4,6,10,10,6,8,1,1,0,0,Jaïro Riedewald,Crystal Palace,NED,MF,23,33,19,1820,2,0,628,84.9,0,0,0.03,0.05,4,0
E0,15/05/2021,15:00,Hampshire,Southampton,Fulham,3,1,H,C Pawson,11,10,7,3,9,15,6,5,0,1,0,0,Tyrick Mitchell,Crystal Palace,ENG,DF,20,19,19,1710,1,1,779,70.2,0,0,0.02,0.02,1,0
E0,15/05/2021,20:00,East Sussex,Brighton,West Ham,1,1,D,A Marriner,10,15,2,3,7,5,3,3,1,1,0,0,James McArthur,Crystal Palace,SCO,MF,32,18,17,1466,0,2,769,81.5,0,0,0.01,0.05,3,0
E0,16/05/2021,12:00,London,Crystal Palace,Aston Villa,3,2,H,D Coote,23,19,8,5,23,13,7,7,3,2,0,0,Jeffrey Schlupp,Crystal Palace,GHA,MF,27,27,15,1428,2,3,429,70.9,0,0,0.1,0.11,3,0
E0,16/05/2021,14:05,London,Tottenham,Wolves,2,0,H,M Atkinson,24,15,13,3,8,11,10,3,1,0,0,0,Scott Dann,Crystal Palace,ENG,DF,33,15,15,1350,1,0,604,84.1,0,0,0.02,0,1,0
E0,16/05/2021,16:30,West Bromwich,West Brom,Liverpool,1,2,A,M Dean,10,26,3,6,7,14,9,13,0,0,0,0,Nathaniel Clyne,Crystal Palace,ENG,DF,29,13,13,1145,0,1,569,76.8,0,0,0.01,0.03,2,0
E0,16/05/2021,19:00,Liverpool,Everton,Sheffield United,0,1,A,A Moss,16,10,6,3,8,12,11,4,1,3,0,0,James McCarthy,Crystal Palace,IRL,MF,29,16,10,821,0,0,329,77.2,0,0,0,0.03,1,0
E0,18/05/2021,18:00,Manchester,Man United,Fulham,1,1,D,L Mason,13,8,6,5,10,15,6,1,2,3,0,0,Michy Batshuayi,Crystal Palace,BEL,FW,26,18,7,728,2,1,168,70.2,0,0,0.17,0.18,0,0
E0,18/05/2021,18:00,Hampshire,Southampton,Leeds,0,2,A,P Bankes,18,15,3,7,10,12,4,5,0,3,0,0,James Tomkins,Crystal Palace,ENG,DF,31,8,6,553,0,0,164,78.7,0,0,0.03,0.01,1,0
E0,18/05/2021,19:00,East Sussex,Brighton,Man City,3,2,H,S Attwell,19,8,6,4,13,11,5,3,3,3,0,1,Mamadou Sakho,Crystal Palace,FRA,DF,30,4,3,276,0,0,82,87.8,0,0,0.01,0,0,0
E0,18/05/2021,20:15,London,Chelsea,Leicester,2,1,H,M Dean,17,7,6,3,15,16,6,5,2,4,0,0,Jean-Philippe Mateta,Crystal Palace,FRA,FW,23,7,2,221,1,0,51,60.8,0,0,0.08,0.01,0,0
E0,19/05/2021,18:00,Liverpool,Everton,Wolves,1,0,H,A Madley,14,9,4,3,11,11,7,12,0,2,0,0,Jack Butland,Crystal Palace,ENG,GK,27,1,1,90,0,0,21,28.6,0,0,0,0,0,0
E0,19/05/2021,18:00,Newcastle,Newcastle,Sheffield United,1,0,H,R Jones,16,11,5,1,7,7,5,2,0,2,0,0,Martin Kelly,Crystal Palace,ENG,DF,30,1,0,2,0,0,2,100,0,0,0,0,0,0
E0,19/05/2021,18:00,London,Tottenham,Aston Villa,1,2,A,C Pawson,10,20,4,4,14,13,4,5,1,1,0,0,James Ward-Prowse,Southampton,ENG,MF,25,38,38,3420,8,7,2619,80.8,3,4,0.14,0.11,5,0
E0,19/05/2021,19:00,London,Crystal Palace,Arsenal,1,3,A,A Taylor,12,6,6,3,7,7,6,7,2,1,0,0,Jan Bednarek,Southampton,POL,DF,24,36,36,3100,1,1,2005,84.6,0,0,0.03,0.01,5,1
E0,19/05/2021,20:15,Burnley,Burnley,Liverpool,0,3,A,C Kavanagh,10,20,4,3,10,7,6,7,0,0,0,0,Stuart Armstrong,Southampton,SCO,MF,28,33,32,2764,4,5,1258,79.7,0,0,0.1,0.09,3,0
E0,19/05/2021,20:15,West Bromwich,West Brom,West Ham,1,3,A,M Oliver,14,21,4,9,8,11,6,8,2,2,0,0,Alex McCarthy,Southampton,ENG,GK,30,30,30,2700,0,0,1069,64.3,0,0,0,0,2,0
E0,23/05/2021,16:00,London,Arsenal,Brighton,2,0,H,J Moss,16,5,5,1,10,8,11,3,0,0,0,0,Che Adams,Southampton,SCO,FW,24,36,30,2667,9,5,633,70,0,0,0.3,0.19,1,0
E0,23/05/2021,16:00,Birmingham,Aston Villa,Chelsea,2,1,H,S Attwell,6,23,3,7,11,12,2,9,3,3,0,1,Kyle Walker-Peters,Southampton,ENG,DF,23,30,30,2645,0,2,1613,80.3,0,0,0.03,0.05,4,0
E0,23/05/2021,16:00,London,Fulham,Newcastle,0,2,A,C Kavanagh,14,10,0,4,12,6,5,4,1,0,0,0,Ryan Bertrand,Southampton,ENG,DF,30,29,29,2598,0,1,1537,76.8,0,0,0.02,0.04,5,0
E0,23/05/2021,16:00,West Yorkshire,Leeds,West Brom,3,1,H,D Coote,17,14,9,5,12,12,8,3,2,1,0,0,Jannik Vestergaard,Southampton,DEN,DF,27,30,29,2574,3,0,1712,84.3,0,0,0.07,0.02,3,1
E0,23/05/2021,16:00,Leicester,Leicester,Tottenham,2,4,A,A Taylor,10,11,6,4,9,8,8,7,0,2,0,0,Danny Ings,Southampton,ENG,FW,28,29,26,2173,12,4,519,66.3,2,2,0.34,0.11,1,0
E0,23/05/2021,16:00,Liverpool,Liverpool,Crystal Palace,2,0,H,C Pawson,19,5,5,4,10,8,14,1,2,2,0,0,Oriol Romeu,Southampton,ESP,MF,28,21,20,1763,1,1,1258,82.8,0,0,0.02,0.05,6,0
E0,23/05/2021,16:00,Manchester,Man City,Everton,5,0,H,M Oliver,21,8,11,3,8,10,7,5,2,2,0,0,Theo Walcott,Southampton,ENG,"MF,FW",31,21,20,1618,3,3,424,72.4,0,0,0.17,0.07,0,0
E0,23/05/2021,16:00,Sheffield,Sheffield United,Burnley,1,0,H,K Friend,12,10,3,3,11,1,8,9,3,1,0,0,Nathan Redmond,Southampton,ENG,"MF,FW",26,29,17,1738,2,3,743,75.9,0,0,0.17,0.17,1,0
E0,23/05/2021,16:00,London,West Ham,Southampton,3,0,H,M Atkinson,14,17,7,5,5,9,2,3,0,3,0,0,Jack Stephens,Southampton,ENG,DF,26,18,17,1537,0,0,1016,83.2,0,0,0.04,0.03,2,0
E0,23/05/2021,16:00,Wolverhampton,Wolves,Man United,1,2,A,M Dean,14,9,4,4,14,3,6,2,4,1,0,0,Moussa Djenepo,Southampton,MLI,MF,22,27,15,1240,1,0,400,73.8,0,0,0.07,0.04,5,0
,,,,,,,,,,,,,,,,,,,,,,Ibrahima Diallo,Southampton,FRA,MF,21,22,10,1020,0,0,587,85.2,0,0,0.05,0.05,3,0
,,,,,,,,,,,,,,,,,,,,,,Takumi Minamino,Southampton,JPN,"MF,FW",25,10,9,711,2,0,257,72.4,0,0,0.15,0.07,1,0
,,,,,,,,,,,,,,,,,,,,,,Mohammed Salisu,Southampton,GHA,DF,21,12,8,844,0,0,376,82.4,0,0,0.04,0,1,0
,,,,,,,,,,,,,,,,,,,,,,Fraser Forster,Southampton,ENG,GK,32,8,8,720,0,0,274,56.2,0,0,0,0,0,0
,,,,,,,,,,,,,,,,,,,,,,Nathan Tella,Southampton,ENG,"FW,MF",21,18,7,745,1,1,146,73.3,0,0,0.22,0.09,2,0
,,,,,,,,,,,,,,,,,,,,,,William Smallbone,Southampton,IRL,MF,20,3,2,172,0,0,78,82.1,0,0,0.04,0,0,0
,,,,,,,,,,,,,,,,,,,,,,Shane Long,Southampton,IRL,"FW,MF",33,11,1,210,0,0,59,64.4,0,0,0.02,0,0,0
,,,,,,,,,,,,,,,,,,,,,,Yan Valery,Southampton,FRA,"DF,MF",21,3,1,103,0,0,64,82.8,0,0,0.27,0,0,0
,,,,,,,,,,,,,,,,,,,,,,Kayne Ramsey,Southampton,ENG,DF,19,1,1,90,0,0,26,69.2,0,0,0,0,1,0
,,,,,,,,,,,,,,,,,,,,,,Jake Vokins,Southampton,ENG,DF,20,1,1,66,0,0,22,90.9,0,0,0,0.22,0,0
,,,,,,,,,,,,,,,,,,,,,,Alexandre Jankewitz,Southampton,SUI,MF,18,2,1,3,0,0,3,66.7,0,0,0,0,0,1
,,,,,,,,,,,,,,,,,,,,,,Dan Nlundulu,Southampton,ENG,FW,21,13,0,111,0,0,33,66.7,0,0,0.08,0.02,0,0
,,,,,,,,,,,,,,,,,,,,,,Michael Obafemi,Southampton,IRL,FW,20,4,0,61,0,0,15,86.7,0,0,0,0.16,0,0
,,,,,,,,,,,,,,,,,,,,,,Caleb Watts,Southampton,AUS,"MF,FW",18,3,0,39,0,0,13,61.5,0,0,0,0,1,0
,,,,,,,,,,,,,,,,,,,,,,Allan Tchaptchet,Southampton,FRA,DF,18,1,0,13,0,0,2,0,0,0,0,0,0,0
,,,,,,,,,,,,,,,,,,,,,,Ben White,Brighton,ENG,"DF,MF",22,36,36,3191,0,0,1766,83.2,0,0,0.02,0.02,5,1
,,,,,,,,,,,,,,,,,,,,,,Yves Bissouma,Brighton,MLI,MF,23,36,35,3111,1,0,1676,87.2,0,0,0.04,0.03,8,1
,,,,,,,,,,,,,,,,,,,,,,Lewis Dunk,Brighton,ENG,DF,28,33,33,2931,5,0,2151,90,0,0,0.08,0.03,5,2
,,,,,,,,,,,,,,,,,,,,,,Leandro Trossard,Brighton,BEL,"FW,MF",25,35,30,2607,5,5,1085,74.9,0,0,0.18,0.15,2,0
,,,,,,,,,,,,,,,,,,,,,,Adam Webster,Brighton,ENG,DF,25,29,29,2594,1,0,1794,82.7,0,0,0.04,0.01,4,0
,,,,,,,,,,,,,,,,,,,,,,Neal Maupay,Brighton,FRA,"FW,MF",23,33,29,2512,8,2,656,77.4,3,4,0.46,0.13,1,1
,,,,,,,,,,,,,,,,,,,,,,Pascal Groß,Brighton,GER,"MF,DF",29,34,27,2484,3,8,1669,75.5,3,4,0.2,0.2,3,0
,,,,,,,,,,,,,,,,,,,,,,Robert Sánchez,Brighton,ESP,GK,22,27,27,2430,0,0,1095,71.6,0,0,0,0,2,0
,,,,,,,,,,,,,,,,,,,,,,Joël Veltman,Brighton,NED,DF,28,28,25,2281,1,1,1491,77.3,0,0,0.05,0.04,3,0
,,,,,,,,,,,,,,,,,,,,,,Dan Burn,Brighton,ENG,DF,28,27,23,2061,1,0,1242,76.7,0,0,0.06,0.04,5,0
,,,,,,,,,,,,,,,,,,,,,,Solly March,Brighton,ENG,DF,26,21,19,1672,2,1,975,69.8,0,0,0.09,0.09,0,0
,,,,,,,,,,,,,,,,,,,,,,Danny Welbeck,Brighton,ENG,FW,29,24,17,1545,6,1,268,81.7,0,1,0.39,0.13,0,0
,,,,,,,,,,,,,,,,,,,,,,Adam Lallana,Brighton,ENG,"MF,FW",32,30,16,1596,1,1,936,84.7,0,0,0.14,0.16,0,0
,,,,,,,,,,,,,,,,,,,,,,Alexis Mac Allister,Brighton,ARG,"MF,FW",21,21,13,1115,1,1,407,79.4,0,0,0.09,0.19,1,0
,,,,,,,,,,,,,,,,,,,,,,Mathew Ryan,Brighton,AUS,GK,28,11,11,990,0,0,399,78.7,0,0,0,0,1,0
,,,,,,,,,,,,,,,,,,,,,,Tariq Lamptey,Brighton,ENG,DF,19,11,11,886,1,1,500,78,0,0,0.06,0.11,4,1
,,,,,,,,,,,,,,,,,,,,,,Steven Alzate,Brighton,COL,"MF,DF",21,15,10,896,1,0,446,89.5,0,0,0.07,0.05,2,0
,,,,,,,,,,,,,,,,,,,,,,Aaron Connolly,Brighton,IRL,FW,20,17,9,791,2,1,101,78.2,0,0,0.4,0.02,0,0
,,,,,,,,,,,,,,,,,,,,,,Jakub Moder,Brighton,POL,"DF,MF",21,12,7,647,0,0,268,74.6,0,0,0.12,0.02,0,0
,,,,,,,,,,,,,,,,,,,,,,Alireza Jahanbakhsh,Brighton,IRN,"FW,MF",26,21,6,528,0,1,265,74,0,0,0.28,0.54,3,0
,,,,,,,,,,,,,,,,,,,,,,Davy Pröpper,Brighton,NED,MF,28,7,2,213,0,0,96,76,0,0,0.04,0,0,0
,,,,,,,,,,,,,,,,,,,,,,Bernardo,Brighton,BRA,"DF,MF",25,3,2,206,0,0,87,71.3,0,0,0.13,0.09,0,0
,,,,,,,,,,,,,,,,,,,,,,Percy Tau,Brighton,RSA,"FW,MF",26,3,1,103,0,1,29,75.9,0,0,0,0.27,0,0
,,,,,,,,,,,,,,,,,,,,,,Andi Zeqiri,Brighton,SUI,"FW,DF",21,9,0,171,0,0,43,46.5,0,0,0.33,0.04,0,0
,,,,,,,,,,,,,,,,,,,,,,José Izquierdo,Brighton,COL,"DF,MF",28,1,0,9,0,0,9,88.9,0,0,0.12,0,0,0
,,,,,,,,,,,,,,,,,,,,,,Reda Khadra,Brighton,GER,FW,19,1,0,5,0,0,1,0,0,0,0,0,0,0
,,,,,,,,,,,,,,,,,,,,,,Jayson Molumby,Brighton,IRL,MF,20,1,0,1,0,0,1,0,0,0,0,0,0,0
,,,,,,,,,,,,,,,,,,,,,,Ashley Westwood,Burnley,ENG,MF,30,38,38,3410,3,3,2125,73.7,0,0,0.03,0.13,7,0
,,,,,,,,,,,,,,,,,,,,,,James Tarkowski,Burnley,ENG,DF,27,36,36,3240,1,0,1167,72,0,0,0.07,0.02,6,0
,,,,,,,,,,,,,,,,,,,,,,Dwight McNeil,Burnley,ENG,MF,20,36,34,3069,2,5,1336,68.9,0,0,0.03,0.19,1,0
,,,,,,,,,,,,,,,,,,,,,,Matthew Lowton,Burnley,ENG,DF,31,34,34,3060,1,1,1498,68.8,0,0,0.02,0.07,5,0
,,,,,,,,,,,,,,,,,,,,,,Nick Pope,Burnley,ENG,GK,28,32,32,2880,0,0,979,50.7,0,0,0,0.01,1,0
,,,,,,,,,,,,,,,,,,,,,,Josh Brownhill,Burnley,ENG,MF,24,33,32,2813,0,1,1187,79,0,0,0.06,0.04,2,0
,,,,,,,,,,,,,,,,,,,,,,Chris Wood,Burnley,NZL,FW,28,33,32,2741,12,3,658,66.9,2,2,0.44,0.07,0,0
,,,,,,,,,,,,,,,,,,,,,,Ben Mee,Burnley,ENG,DF,30,30,30,2693,2,0,1044,75.1,0,0,0.06,0.01,3,0
,,,,,,,,,,,,,,,,,,,,,,Charlie Taylor,Burnley,ENG,DF,26,29,28,2426,0,1,1298,69.9,0,0,0,0.07,1,0
,,,,,,,,,,,,,,,,,,,,,,Jóhann Berg Guðmundsson,Burnley,ISL,MF,29,22,16,1363,2,0,472,75.4,0,0,0.11,0.03,2,0
,,,,,,,,,,,,,,,,,,,,,,Matěj Vydra,Burnley,CZE,FW,28,28,15,1371,3,2,266,72.6,0,0,0.4,0.12,0,0
,,,,,,,,,,,,,,,,,,,,,,Jack Cork,Burnley,ENG,MF,31,16,15,1350,0,0,499,82.6,0,0,0.02,0.02,2,0
,,,,,,,,,,,,,,,,,,,,,,Ashley Barnes,Burnley,ENG,FW,30,22,15,1331,3,0,307,63.5,1,1,0.35,0.04,4,0
,,,,,,,,,,,,,,,,,,,,,,Erik Pieters,Burnley,NED,"DF,MF",31,20,13,1266,0,1,580,74.8,0,0,0.01,0.03,1,0
,,,,,,,,,,,,,,,,,,,,,,Jay Rodriguez,Burnley,ENG,"FW,MF",31,31,12,1265,1,2,283,73.5,0,0,0.16,0.12,3,0
,,,,,,,,,,,,,,,,,,,,,,Robbie Brady,Burnley,IRL,MF,28,19,12,1052,1,1,393,67.7,0,0,0.07,0.08,3,0
,,,,,,,,,,,,,,,,,,,,,,Kevin Long,Burnley,IRL,DF,29,8,7,637,0,0,255,71,0,0,0.04,0,2,0
,,,,,,,,,,,,,,,,,,,,,,Bailey Peacock-Farrell,Burnley,NIR,GK,23,4,4,360,0,0,113,51.3,0,0,0,0,0,0
,,,,,,,,,,,,,,,,,,,,,,Phil Bardsley,Burnley,SCO,DF,35,4,3,274,0,0,165,70.3,0,0,0.04,0,2,0
,,,,,,,,,,,,,,,,,,,,,,Jimmy Dunne,Burnley,IRL,DF,22,3,3,270,1,0,146,71.2,0,0,0.14,0.04,1,0
,,,,,,,,,,,,,,,,,,,,,,Dale Stephens,Burnley,ENG,MF,31,7,3,261,0,0,124,83.1,0,0,0.06,0,1,0
,,,,,,,,,,,,,,,,,,,,,,Josh Benson,Burnley,ENG,MF,20,6,2,264,0,0,85,72.9,0,0,0.06,0,0,0
,,,,,,,,,,,,,,,,,,,,,,Will Norris,Burnley,ENG,GK,26,2,2,180,0,0,56,48.2,0,0,0,0.04,0,0
,,,,,,,,,,,,,,,,,,,,,,Joel Mumbongo,Burnley,SWE,FW,21,4,0,40,0,0,6,83.3,0,0,0,0,1,0
,,,,,,,,,,,,,,,,,,,,,,Lewis Richardson,Burnley,ENG,"FW,MF",17,2,0,4,0,0,1,0,0,0,0,0,0,0
,,,,,,,,,,,,,,,,,,,,,,Alphonse Areola,Fulham,FRA,GK,27,36,36,3240,0,0,1001,73.6,0,0,0,0,2,0
,,,,,,,,,,,,,,,,,,,,,,Tosin Adarabioyo,Fulham,ENG,DF,22,33,33,2953,0,0,1824,87.4,0,0,0.03,0.01,1,0
,,,,,,,,,,,,,,,,,,,,,,Ademola Lookman,Fulham,ENG,"FW,MF",22,34,31,2747,4,4,1168,75.3,0,1,0.18,0.17,5,0
,,,,,,,,,,,,,,,,,,,,,,Ola Aina,Fulham,NGA,DF,23,31,31,2664,2,1,1711,77.7,0,0,0.03,0.05,3,0
,,,,,,,,,,,,,,,,,,,,,,Joachim Andersen,Fulham,DEN,DF,24,31,30,2730,1,1,1833,83.4,0,0,0.04,0.02,7,1
,,,,,,,,,,,,,,,,,,,,,,Andre-Frank Zambo Anguissa,Fulham,CMR,MF,24,36,29,2587,0,3,1410,84.9,0,0,0.06,0.08,6,0
,,,,,,,,,,,,,,,,,,,,,,Bobby Reid,Fulham,JAM,"MF,DF",27,33,28,2372,5,2,826,74.1,0,0,0.18,0.05,7,0
,,,,,,,,,,,,,,,,,,,,,,Ivan Cavaleiro,Fulham,POR,"FW,MF",26,36,27,2472,3,0,834,71.9,1,2,0.2,0.12,2,0
,,,,,,,,,,,,,,,,,,,,,,Harrison Reed,Fulham,ENG,MF,25,31,26,2247,0,2,1460,86.4,0,0,0.01,0.06,5,0
,,,,,,,,,,,,,,,,,,,,,,Antonee Robinson,Fulham,USA,DF,22,28,24,2162,0,0,1352,72.6,0,0,0.02,0.07,4,1
,,,,,,,,,,,,,,,,,,,,,,Ruben Loftus-Cheek,Fulham,ENG,"MF,FW",24,30,21,1909,1,0,716,83.1,0,0,0.15,0.07,3,0
,,,,,,,,,,,,,,,,,,,,,,Mario Lemina,Fulham,GAB,MF,26,28,19,1703,1,0,860,85.3,0,0,0.05,0.04,5,0
,,,,,,,,,,,,,,,,,,,,,,Kenny Tete,Fulham,NED,DF,24,22,18,1481,0,1,863,74.4,0,0,0.01,0.1,3,0
,,,,,,,,,,,,,,,,,,,,,,Aleksandar Mitrović,Fulham,SRB,FW,25,27,13,1402,3,3,384,76,1,2,0.42,0.17,3,0
,,,,,,,,,,,,,,,,,,,,,,Josh Maja,Fulham,NGA,"FW,MF",21,15,9,810,3,0,179,87.7,1,1,0.53,0.12,0,0
,,,,,,,,,,,,,,,,,,,,,,Tom Cairney,Fulham,SCO,MF,29,10,9,759,1,1,621,88.7,0,0,0.08,0.17,2,0
,,,,,,,,,,,,,,,,,,,,,,Joe Bryan,Fulham,ENG,"DF,FW",26,16,7,669,1,0,420,70.2,0,0,0.05,0.06,2,0
,,,,,,,,,,,,,,,,,,,,,,Tim Ream,Fulham,USA,DF,32,7,7,630,0,0,434,91.2,0,0,0,0,0,0
,,,,,,,,,,,,,,,,,,,,,,Josh Onomah,Fulham,ENG,MF,23,11,4,374,0,0,166,89.8,0,0,0.15,0.01,1,0
,,,,,,,,,,,,,,,,,,,,,,Denis Odoi,Fulham,BEL,DF,32,3,3,270,0,0,185,82.7,0,0,0.03,0.02,1,0
,,,,,,,,,,,,,,,,,,,,,,Michael Hector,Fulham,JAM,DF,28,4,3,263,0,0,175,79.4,0,0,0.03,0.01,2,0
,,,,,,,,,,,,,,,,,,,,,,Fabio Carvalho,Fulham,ENG,"MF,FW",17,4,3,255,1,0,86,77.9,0,0,0.4,0.13,0,0
,,,,,,,,,,,,,,,,,,,,,,Aboubakar Kamara,Fulham,MTN,"FW,DF",25,11,2,315,0,0,128,71.9,0,0,0.11,0.11,1,1
,,,,,,,,,,,,,,,,,,,,,,Marek Rodák,Fulham,SVK,GK,23,2,2,180,0,0,46,80.4,0,0,0,0,0,0
,,,,,,,,,,,,,,,,,,,,,,Maxime Le Marchand,Fulham,FRA,DF,30,2,1,123,0,0,82,95.1,0,0,0.01,0,2,0
,,,,,,,,,,,,,,,,,,,,,,Neeskens Kebano,Fulham,COD,"FW,MF",28,5,1,119,0,0,42,78.6,0,0,0.22,0,0,0
,,,,,,,,,,,,,,,,,,,,,,Terence Kongolo,Fulham,NED,DF,26,1,1,90,0,0,39,94.9,0,0,0,0.03,0,0
,,,,,,,,,,,,,,,,,,,,,,Tyrese Francois,Fulham,AUS,DF,20,1,0,15,0,0,15,93.3,0,0,0,0,0,0
,,,,,,,,,,,,,,,,,,,,,,Sam Johnstone,West Bromwich Albion,ENG,GK,27,37,37,3330,0,1,1282,49.9,0,0,0,0.01,1,0
,,,,,,,,,,,,,,,,,,,,,,Darnell Furlong,West Bromwich Albion,ENG,DF,24,35,32,2932,1,3,1177,59.5,0,0,0.06,0.06,5,0
,,,,,,,,,,,,,,,,,,,,,,Semi Ajayi,West Bromwich Albion,NGA,DF,26,33,31,2780,2,0,948,74.4,0,0,0.04,0.01,3,1
,,,,,,,,,,,,,,,,,,,,,,Matheus Pereira,West Bromwich Albion,BRA,"MF,FW",24,33,30,2577,11,6,1066,71.8,4,4,0.25,0.19,2,1
,,,,,,,,,,,,,,,,,,,,,,Kyle Bartley,West Bromwich Albion,ENG,DF,29,30,28,2584,3,1,809,77.9,0,0,0.07,0.01,4,0
,,,,,,,,,,,,,,,,,,,,,,Conor Gallagher,West Bromwich Albion,ENG,MF,20,30,28,2531,2,2,954,77.8,0,0,0.06,0.06,11,0
,,,,,,,,,,,,,,,,,,,,,,Conor Townsend,West Bromwich Albion,ENG,DF,27,25,25,2234,0,2,1176,74.9,0,0,0.04,0.09,0,0
,,,,,,,,,,,,,,,,,,,,,,Dara O'Shea,West Bromwich Albion,IRL,DF,21,28,25,2102,0,0,857,66,0,0,0.01,0.01,3,0
,,,,,,,,,,,,,,,,,,,,,,Matt Phillips,West Bromwich Albion,SCO,MF,29,33,20,1828,2,1,567,69.3,0,0,0.12,0.15,1,0
,,,,,,,,,,,,,,,,,,,,,,Callum Robinson,West Bromwich Albion,IRL,"FW,MF",25,28,20,1560,5,0,450,70.9,0,0,0.18,0.05,0,0
,,,,,,,,,,,,,,,,,,,,,,Romaine Sawyers,West Bromwich Albion,SKN,MF,28,19,17,1487,0,0,712,85,0,0,0.01,0.02,2,0
,,,,,,,,,,,,,,,,,,,,,,Okay Yokuşlu,West Bromwich Albion,TUR,MF,26,16,15,1317,0,1,530,83.2,0,0,0.06,0.04,4,0
,,,,,,,,,,,,,,,,,,,,,,Jake Livermore,West Bromwich Albion,ENG,MF,30,18,15,1242,0,0,381,74.3,0,0,0.02,0.02,2,1
,,,,,,,,,,,,,,,,,,,,,,Grady Diangana,West Bromwich Albion,ENG,"MF,FW",22,20,15,1235,1,0,351,72.9,0,0,0.09,0.01,0,0
,,,,,,,,,,,,,,,,,,,,,,Ainsley Maitland-Niles,West Bromwich Albion,ENG,MF,22,15,14,1230,0,0,402,76.4,0,0,0.05,0.05,2,0
,,,,,,,,,,,,,,,,,,,,,,Mbaye Diagne,West Bromwich Albion,SEN,FW,28,16,14,1189,3,2,230,70.4,0,0,0.38,0.13,2,0
,,,,,,,,,,,,,,,,,,,,,,Karlan Grant,West Bromwich Albion,ENG,"FW,MF",22,21,14,1127,1,0,228,73.2,0,0,0.17,0,1,0
,,,,,,,,,,,,,,,,,,,,,,Kieran Gibbs,West Bromwich Albion,ENG,DF,30,10,9,809,0,0,309,72.2,0,0,0.01,0.03,1,1
,,,,,,,,,,,,,,,,,,,,,,Branislav Ivanović,West Bromwich Albion,SRB,DF,36,13,8,767,0,0,311,85.2,0,0,0.06,0.01,2,0
,,,,,,,,,,,,,,,,,,,,,,Robert Snodgrass,West Bromwich Albion,SCO,"MF,FW",32,8,6,526,0,0,133,78.9,0,0,0.03,0.06,2,0
,,,,,,,,,,,,,,,,,,,,,,Filip Krovinović,West Bromwich Albion,CRO,MF,24,11,5,546,0,0,365,84.4,0,0,0.04,0.05,0,0
,,,,,,,,,,,,,,,,,,,,,,Lee Peltier,West Bromwich Albion,ENG,DF,33,4,3,229,0,0,76,63.2,0,0,0,0,1,0
,,,,,,,,,,,,,,,,,,,,,,Hal Robson-Kanu,West Bromwich Albion,WAL,FW,31,19,2,561,2,0,86,74.4,0,0,0.24,0.06,2,0
,,,,,,,,,,,,,,,,,,,,,,Kamil Grosicki,West Bromwich Albion,POL,"FW,MF",32,3,2,148,0,1,49,65.3,0,0,0.06,0.07,0,0
,,,,,,,,,,,,,,,,,,,,,,Kyle Edwards,West Bromwich Albion,ENG,"MF,FW",22,5,1,118,0,0,35,85.7,0,0,0.11,0,0,0
,,,,,,,,,,,,,,,,,,,,,,David Button,West Bromwich Albion,ENG,GK,31,1,1,90,0,0,37,43.2,0,0,0,0,0,0
,,,,,,,,,,,,,,,,,,,,,,Ahmed Hegazi,West Bromwich Albion,EGY,DF,29,1,1,90,0,0,52,71.2,0,0,0,0,0,0
,,,,,,,,,,,,,,,,,,,,,,Charlie Austin,West Bromwich Albion,ENG,FW,31,5,0,138,0,0,34,73.5,0,0,0.13,0,0,0
,,,,,,,,,,,,,,,,,,,,,,Sam Field,West Bromwich Albion,ENG,MF,22,3,0,62,0,0,23,65.2,0,0,0,0,0,0
,,,,,,,,,,,,,,,,,,,,,,Rekeem Harper,West Bromwich Albion,ENG,MF,20,2,0,32,0,0,16,81.3,0,0,0.12,0,0,0
,,,,,,,,,,,,,,,,,,,,,,Aaron Ramsdale,Sheffield United,ENG,GK,22,38,38,3420,0,0,1141,49.1,0,0,0,0,1,0
,,,,,,,,,,,,,,,,,,,,,,George Baldock,Sheffield United,ENG,DF,27,32,32,2787,0,2,1160,78.5,0,0,0.04,0.05,7,0
,,,,,,,,,,,,,,,,,,,,,,Chris Basham,Sheffield United,ENG,"DF,MF",32,31,31,2576,0,1,1105,81.4,0,0,0.03,0.03,5,0
,,,,,,,,,,,,,,,,,,,,,,Enda Stevens,Sheffield United,IRL,DF,30,30,30,2700,0,1,1427,77.5,0,0,0.04,0.05,6,0
,,,,,,,,,,,,,,,,,,,,,,John Egan,Sheffield United,IRL,DF,27,31,30,2629,0,1,1094,84.6,0,0,0.02,0.01,7,1
,,,,,,,,,,,,,,,,,,,,,,John Fleck,Sheffield United,SCO,MF,28,31,29,2575,0,2,1212,78.1,0,0,0.03,0.09,4,0
,,,,,,,,,,,,,,,,,,,,,,David McGoldrick,Sheffield United,IRL,"FW,MF",32,35,28,2397,8,1,938,74.5,0,0,0.26,0.05,7,0
,,,,,,,,,,,,,,,,,,,,,,Oliver Norwood,Sheffield United,NIR,MF,29,32,26,2220,0,0,1483,79.6,0,0,0.02,0.07,6,0
,,,,,,,,,,,,,,,,,,,,,,Ethan Ampadu,Sheffield United,WAL,"DF,MF",19,25,23,2089,0,0,1064,80.5,0,0,0.01,0.04,3,0
,,,,,,,,,,,,,,,,,,,,,,John Lundstram,Sheffield United,ENG,MF,26,28,23,2032,0,2,1041,81,0,1,0.09,0.05,8,1
,,,,,,,,,,,,,,,,,,,,,,Ben Osborn,Sheffield United,ENG,"MF,DF",25,24,17,1604,1,0,839,79,0,0,0.07,0.12,1,0
,,,,,,,,,,,,,,,,,,,,,,Oliver Burke,Sheffield United,SCO,FW,23,25,14,1269,1,1,262,70.6,0,0,0.17,0.13,2,0
,,,,,,,,,,,,,,,,,,,,,,Sander Berge,Sheffield United,NOR,MF,22,15,13,1120,1,1,464,81.9,1,1,0.1,0.1,4,0
,,,,,,,,,,,,,,,,,,,,,,Oliver McBurnie,Sheffield United,SCO,FW,24,23,12,1324,1,0,426,62.9,0,0,0.21,0.07,2,0
,,,,,,,,,,,,,,,,,,,,,,Rhian Brewster,Sheffield United,ENG,FW,20,27,12,1128,0,0,225,69.3,0,0,0.14,0.13,1,0
,,,,,,,,,,,,,,,,,,,,,,Jayden Bogle,Sheffield United,ENG,DF,20,16,12,1110,2,0,383,78.3,0,0,0.14,0.01,2,0
,,,,,,,,,,,,,,,,,,,,,,Kean Bryan,Sheffield United,ENG,DF,23,13,12,1004,1,0,443,72.9,0,0,0.04,0.03,1,0
,,,,,,,,,,,,,,,,,,,,,,Jack Robinson,Sheffield United,ENG,DF,26,11,9,877,0,1,439,80.6,0,0,0.04,0.09,3,0
,,,,,,,,,,,,,,,,,,,,,,Billy Sharp,Sheffield United,ENG,FW,34,16,7,735,3,0,123,69.9,2,2,0.33,0.07,1,0
,,,,,,,,,,,,,,,,,,,,,,Max Lowe,Sheffield United,ENG,DF,23,8,7,550,0,0,223,65,0,0,0.01,0.03,1,0
,,,,,,,,,,,,,,,,,,,,,,Phil Jagielka,Sheffield United,ENG,DF,37,10,6,526,0,0,186,76.3,0,0,0,0,1,1
,,,,,,,,,,,,,,,,,,,,,,Daniel Jebbison,Sheffield United,ENG,FW,17,4,3,284,1,0,34,70.6,0,0,0.5,0.01,0,0
,,,,,,,,,,,,,,,,,,,,,,Lys Mousset,Sheffield United,FRA,"FW,MF",24,11,2,296,0,0,50,80,0,0,0.22,0.1,0,0
,,,,,,,,,,,,,,,,,,,,,,Jack O'Connell,Sheffield United,ENG,DF,26,2,2,180,0,0,77,77.9,0,0,0,0,0,0
,,,,,,,,,,,,,,,,,,,,,,Iliman Ndiaye,Sheffield United,FRA,MF,21,1,0,12,0,0,3,100,0,0,0,0,0,0
,,,,,,,,,,,,,,,,,,,,,,Antwoine Hackford,Sheffield United,ENG,"DF,FW",16,1,0,11,0,0,1,100,0,0,1.16,0,0,0
,,,,,,,,,,,,,,,,,,,,,,Femi Seriki,Sheffield United,ENG,DF,17,1,0,1,0,0,0,-1,0,0,0,0,0,0
